maxtemp,power,mintemp,weather,date,wind
19,微风,10,多云,2011-01-01,无持续风向
19,微风,11,多云,2011-01-02,无持续风向
18,微风,12,多云,2011-01-03,无持续风向
19,微风,8,小雨,2011-01-04,无持续风向
16,微风~3-4级,9,多云,2011-01-05,无持续风向~北风
16,微风,9,晴,2011-01-06,无持续风向
18,微风,10,多云,2011-01-07,无持续风向
16,微风,9,多云,2011-01-08,无持续风向
12,微风,6,阵雨,2011-01-09,无持续风向
9,微风,6,小到中雨~小雨,2011-01-10,无持续风向
10,微风,8,阵雨,2011-01-11,无持续风向
14,微风,7,小雨,2011-01-12,无持续风向
15,微风,10,阵雨~阴,2011-01-13,无持续风向
12,3-4级,5,多云,2011-01-14,东北风
14,微风,9,晴~多云,2011-01-15,无持续风向
14,微风,5,多云~阴,2011-01-16,无持续风向
16,微风,9,多云,2011-01-26,无持续风向
13,3-4级,5,多云,2011-01-29,北风
14,3-4级,5,多云,2011-01-30,北风
16,微风,8,晴~多云,2011-01-31,无持续风向
17,微风,8,多云,2011-02-01,无持续风向
18,微风,10,多云,2011-02-02,无持续风向
21,微风,11,多云,2011-02-03,无持续风向
23,微风,9,晴~多云,2011-02-04,无持续风向
25,微风,10,晴,2011-02-05,无持续风向
25,微风,11,晴~多云,2011-02-06,无持续风向
26,微风,14,多云,2011-02-07,无持续风向
26,微风,13,多云,2011-02-08,无持续风向
24,微风,15,多云,2011-02-09,无持续风向
26,微风,12,多云~小雨,2011-02-10,无持续风向
15,3-4级,10,阴,2011-02-11,北风
14,微风,9,阴~小雨,2011-02-12,无持续风向
10,微风,6,中雨~小雨,2011-02-13,无持续风向
14,微风,7,阴,2011-02-14,无持续风向
9,微风,6,小雨,2011-02-15,无持续风向
11,微风,9,小雨~阴,2011-02-16,无持续风向
14,微风,9,雾,2011-02-17,无持续风向
14,微风,10,阴~小雨,2011-02-18,无持续风向
10,微风,8,小雨,2011-02-19,无持续风向
15,微风,10,阴,2011-02-20,无持续风向
17,微风,14,阴~多云,2011-02-21,无持续风向
19,微风,14,小雨~多云,2011-02-22,无持续风向
20,微风,15,多云~阴,2011-02-23,无持续风向
21,微风,14,多云,2011-02-24,无持续风向
26,微风,14,多云,2011-02-25,无持续风向
25,微风,18,多云,2011-02-26,无持续风向
25,微风,18,多云,2011-02-27,无持续风向
27,微风,17,晴~多云,2011-02-28,无持续风向
25,微风,13,多云,2011-03-01,无持续风向
19,3-4级~微风,12,多云~阴,2011-03-02,北风~无持续风向
22,微风,12,多云,2011-03-03,无持续风向
21,微风,12,多云,2011-03-04,无持续风向
23,微风,15,多云~阴,2011-03-05,无持续风向
23,微风~3-4级,14,阴~小雨,2011-03-06,无持续风向~北风
17,3-4级,12,阴,2011-03-07,北风
19,微风,12,小雨,2011-03-08,无持续风向
16,微风~3-4级,12,小雨,2011-03-09,无持续风向~北风
17,微风,13,小雨~阴,2011-03-10,无持续风向
19,微风,13,多云,2011-03-11,无持续风向
19,微风,15,多云,2011-03-12,无持续风向
25,微风,15,多云,2011-03-13,无持续风向
26,微风,17,多云,2011-03-14,无持续风向
22,4-5级~3-4级,11,多云,2011-03-15,北风
15,4-5级~3-4级,10,阴,2011-03-16,北风
19,3-4级~微风,13,多云~小雨,2011-03-17,北风~无持续风向
15,微风,11,小到中雨~中雨,2011-03-18,无持续风向
16,微风,12,小雨,2011-03-19,无持续风向
21,微风,17,多云,2011-03-20,无持续风向
27,微风,18,阴~小雨,2011-03-21,无持续风向
15,3-4级,11,阴~小雨,2011-03-22,北风
18,3-4级,11,多云~阴,2011-03-23,北风
17,微风,13,阴~多云,2011-03-24,无持续风向
18,微风,13,多云,2011-03-25,无持续风向
20,微风,14,阴,2011-03-26,无持续风向
15,微风,10,小雨~阴,2011-03-27,无持续风向
22,微风,12,多云,2011-03-28,无持续风向
25,微风,12,多云,2011-03-29,无持续风向
21,微风,13,阴,2011-03-30,无持续风向
25,微风,15,多云,2011-03-31,无持续风向
27,微风,16,多云,2011-04-01,无持续风向
28,微风,17,多云,2011-04-02,无持续风向
28,微风,14,多云~小雨,2011-04-03,无持续风向
19,微风,15,阴~多云,2011-04-04,无持续风向
23,微风,16,多云,2011-04-05,无持续风向
24,微风,17,多云,2011-04-06,无持续风向
26,微风,17,多云,2011-04-07,无持续风向
27,微风,18,多云,2011-04-08,无持续风向
28,微风,18,多云,2011-04-09,无持续风向
29,微风,18,多云,2011-04-10,无持续风向
31,微风,18,晴~多云,2011-04-11,无持续风向
28,微风,19,多云,2011-04-12,无持续风向
29,微风,20,多云,2011-04-13,无持续风向
31,微风,19,多云,2011-04-14,无持续风向
31,微风,19,多云,2011-04-15,无持续风向
32,微风~3-4级,21,多云~雷阵雨,2011-04-16,无持续风向~北风
27,微风~3-4级,21,大到暴雨~阵雨,2011-04-17,无持续风向~北风
29,微风,18,多云,2011-04-18,无持续风向
28,微风,18,晴~多云,2011-04-19,无持续风向
32,微风,19,晴~多云,2011-04-20,无持续风向
27,微风,21,多云,2011-04-21,无持续风向
27,微风,18,雷阵雨~阴,2011-04-22,无持续风向
29,微风,18,多云,2011-04-23,无持续风向
29,微风,18,多云,2011-04-24,无持续风向
31,微风,18,多云,2011-04-25,无持续风向
31,微风,20,多云,2011-04-26,无持续风向
31,微风,22,多云,2011-04-27,无持续风向
32,微风,23,多云,2011-04-28,无持续风向
26,微风,22,小雨~阵雨,2011-04-29,无持续风向
28,微风,23,阵雨,2011-04-30,无持续风向
28,微风,23,阵雨,2011-05-01,无持续风向
29,微风,25,阵雨,2011-05-02,无持续风向
27,微风,20,中雨~小到中雨,2011-05-03,无持续风向
23,微风,18,阵雨,2011-05-04,无持续风向
25,微风,20,阵雨,2011-05-05,无持续风向
28,微风,24,阵雨,2011-05-06,无持续风向
30,微风,24,阵雨~多云,2011-05-07,无持续风向
30,微风,24,阵雨,2011-05-08,无持续风向
32,微风,24,多云,2011-05-09,无持续风向
34,微风,26,多云,2011-05-10,无持续风向
31,微风,25,雷阵雨~中到大雨,2011-05-11,无持续风向
32,微风,23,中雨~中到大雨,2011-05-12,无持续风向
25,微风,22,中到大雨,2011-05-13,无持续风向
26,微风,22,雷阵雨,2011-05-14,无持续风向
26,微风,22,阵雨,2011-05-15,无持续风向
27,微风,22,中到大雨~阵雨,2011-05-16,无持续风向
29,微风,20,晴,2011-05-17,无持续风向
31,微风,21,多云,2011-05-18,无持续风向
31,微风,20,晴~多云,2011-05-19,无持续风向
32,微风,23,多云,2011-05-20,无持续风向
31,微风,23,多云~阵雨,2011-05-21,无持续风向
26,微风,21,暴雨,2011-05-22,无持续风向
25,微风,20,阴,2011-05-23,无持续风向
27,微风,20,多云,2011-05-24,无持续风向
28,微风,22,多云,2011-05-25,无持续风向
30,微风,21,晴,2011-05-26,无持续风向
31,微风,23,多云,2011-05-27,无持续风向
33,微风,22,晴,2011-05-28,无持续风向
34,微风,21,晴,2011-05-29,无持续风向
33,微风,23,多云,2011-05-30,无持续风向
34,微风,21,晴,2011-05-31,无持续风向
35,微风,22,晴~多云,2011-06-01,无持续风向
34,微风,26,多云,2011-06-02,无持续风向
33,微风,26,多云,2011-06-03,无持续风向
33,微风,27,多云,2011-06-04,无持续风向
33,微风,27,阴~阵雨,2011-06-05,无持续风向
34,微风,27,阵雨~多云,2011-06-06,无持续风向
33,微风,27,阵雨,2011-06-07,无持续风向
33,微风,26,阵雨,2011-06-08,无持续风向
34,微风,27,阵雨~多云,2011-06-09,无持续风向
35,微风~3-4级,27,多云,2011-06-10,无持续风向~东风
33,微风,26,阵雨,2011-06-11,无持续风向
29,微风,25,雷阵雨~阵雨,2011-06-12,无持续风向
32,微风,26,雷阵雨~多云,2011-06-13,无持续风向
34,微风,26,雷阵雨~多云,2011-06-14,无持续风向
34,微风,26,阵雨,2011-06-15,无持续风向
30,微风,23,中到大雨~暴雨,2011-06-16,无持续风向
29,3-4级,25,大到暴雨~中到大雨,2011-06-17,东南风
31,微风,26,雷阵雨~阵雨,2011-06-18,无持续风向
33,微风,25,多云,2011-06-19,无持续风向
35,微风,26,多云,2011-06-20,无持续风向
35,微风,25,多云,2011-06-21,无持续风向
32,3-4级~4-5级,24,中雨~大到暴雨,2011-06-22,东北风~东南风
30,3-4级~微风,25,中雨,2011-06-23,东南风~无持续风向
33,微风,26,阵雨,2011-06-24,无持续风向
34,微风,25,阵雨,2011-06-25,无持续风向
29,微风,24,大到暴雨~雷阵雨,2011-06-26,无持续风向
32,微风,26,阵雨~中雨,2011-06-27,无持续风向
33,微风,25,雷阵雨~中到大雨,2011-06-28,无持续风向
29,微风,25,暴雨,2011-06-29,无持续风向
29,微风,25,中到大雨~中雨,2011-06-30,无持续风向
31,微风,26,雷阵雨~多云,2011-07-01,无持续风向
34,微风,26,多云~晴,2011-07-02,无持续风向
35,微风,26,晴,2011-07-03,无持续风向
35,微风,26,晴,2011-07-04,无持续风向
35,微风,26,晴,2011-07-05,无持续风向
35,微风,26,晴,2011-07-06,无持续风向
35,微风,27,晴,2011-07-07,无持续风向
35,微风,26,晴,2011-07-08,无持续风向
35,微风,27,多云,2011-07-09,无持续风向
33,微风,25,雷阵雨~阴,2011-07-10,无持续风向
32,微风,24,雷阵雨,2011-07-11,无持续风向
33,微风,25,雷阵雨,2011-07-12,无持续风向
33,微风,26,雷阵雨,2011-07-13,无持续风向
33,微风,26,雷阵雨,2011-07-14,无持续风向
30,微风,25,大到暴雨~暴雨,2011-07-15,无持续风向
28,微风,25,暴雨~大雨,2011-07-16,无持续风向
30,微风,26,大雨~中雨,2011-07-17,无持续风向
33,微风,26,中雨~中到大雨,2011-07-18,无持续风向
32,微风,25,雷阵雨~阵雨,2011-07-19,无持续风向
31,微风,25,大雨~中到大雨,2011-07-20,无持续风向
32,微风,25,雷阵雨~阵雨,2011-07-21,无持续风向
34,微风,26,多云,2011-07-22,无持续风向
35,微风,26,晴,2011-07-23,无持续风向
35,微风,26,晴,2011-07-24,无持续风向
36,微风,26,晴,2011-07-25,无持续风向
35,微风,27,多云~晴,2011-07-26,无持续风向
35,微风,26,晴,2011-07-27,无持续风向
35,微风,25,晴~雷阵雨,2011-07-28,无持续风向
32,3-4级,25,中雨,2011-07-29,东风~东北风
33,微风,26,阵雨~多云,2011-07-30,无持续风向
33,微风,25,阵雨,2011-07-31,无持续风向
33,微风,24,阵雨~多云,2011-08-01,无持续风向
35,微风,26,多云~晴,2011-08-02,无持续风向
36,微风,25,晴,2011-08-03,无持续风向
36,微风,25,晴,2011-08-04,无持续风向
36,微风,26,晴,2011-08-05,无持续风向
35,微风,26,多云,2011-08-06,无持续风向
34,微风,26,多云,2011-08-07,无持续风向
34,微风,27,雷阵雨~阵雨,2011-08-08,无持续风向
30,微风,25,中到大雨,2011-08-09,无持续风向
30,微风,25,中雨~雷阵雨,2011-08-10,无持续风向
30,微风,26,阵雨,2011-08-11,无持续风向
34,微风,26,阵雨~多云,2011-08-12,无持续风向
35,微风,26,晴,2011-08-13,无持续风向
35,微风,26,晴,2011-08-14,无持续风向
35,微风,25,晴,2011-08-15,无持续风向
35,微风,26,晴~多云,2011-08-16,无持续风向
35,微风,26,晴,2011-08-17,无持续风向
35,微风,26,多云,2011-08-18,无持续风向
35,微风,25,多云~雷阵雨,2011-08-19,无持续风向
35,微风,25,阵雨~多云,2011-08-20,无持续风向
35,微风,25,多云~晴,2011-08-21,无持续风向
35,微风,25,雷阵雨~多云,2011-08-22,无持续风向
35,微风,25,多云,2011-08-23,无持续风向
34,微风,26,雷阵雨,2011-08-24,无持续风向
34,微风,25,雷阵雨~多云,2011-08-25,无持续风向
35,微风,26,多云,2011-08-26,无持续风向
35,微风,25,晴,2011-08-27,无持续风向
35,微风,26,晴,2011-08-28,无持续风向
36,微风,26,晴~多云,2011-08-29,无持续风向
36,微风,26,晴,2011-08-30,无持续风向
35,微风,25,多云~雷阵雨,2011-08-31,无持续风向
29,微风,24,中到大雨~大到暴雨,2011-09-01,无持续风向
30,微风,25,大雨,2011-09-02,无持续风向
31,微风,26,中雨~阵雨,2011-09-03,无持续风向
32,微风,25,阴~多云,2011-09-04,无持续风向
34,微风,26,多云,2011-09-05,无持续风向
33,微风,25,多云,2011-09-06,无持续风向
33,微风,25,阵雨~多云,2011-09-07,无持续风向
35,微风,25,多云,2011-09-08,无持续风向
35,微风,25,多云,2011-09-09,无持续风向
33,微风,25,阵雨~多云,2011-09-10,无持续风向
33,微风,24,雷阵雨~阵雨,2011-09-11,无持续风向
33,微风,24,阵雨~多云,2011-09-12,无持续风向
33,微风,25,多云~阵雨,2011-09-13,无持续风向
33,微风,25,多云,2011-09-14,无持续风向
33,微风,25,雷阵雨~阴,2011-09-15,无持续风向
33,微风,24,多云,2011-09-16,无持续风向
34,微风,24,阵雨,2011-09-17,无持续风向
35,微风,24,多云,2011-09-18,无持续风向
31,微风,21,阵雨~多云,2011-09-19,无持续风向
30,3-4级,20,晴,2011-09-20,北风
29,微风,20,晴,2011-09-21,无持续风向
29,微风,21,晴,2011-09-22,无持续风向
30,微风,21,晴~多云,2011-09-23,无持续风向
29,微风,22,阵雨,2011-09-24,无持续风向
28,微风,23,阵雨~多云,2011-09-25,无持续风向
31,微风,23,多云,2011-09-26,无持续风向
33,微风,24,晴,2011-09-27,无持续风向
34,微风~3-4级,23,晴~阵雨,2011-09-28,无持续风向~东风
28,4-5级,21,中到大雨~大到暴雨,2011-09-29,东北风~东风
30,微风,24,中雨~阵雨,2011-09-30,无持续风向
30,微风,23,多云,2011-10-01,无持续风向
30,微风,22,多云,2011-10-02,无持续风向
26,3-4级,20,阵雨,2011-10-03,东北风
25,3-4级,19,阵雨,2011-10-04,北风
26,微风,20,多云~阵雨,2011-10-05,无持续风向
28,微风,21,多云,2011-10-06,无持续风向
27,微风,21,多云,2011-10-07,无持续风向
30,微风,21,晴,2011-10-08,无持续风向
31,微风,21,晴~多云,2011-10-09,无持续风向
32,微风,22,多云~阵雨,2011-10-10,无持续风向
29,微风,22,阵雨,2011-10-11,无持续风向
27,微风,23,阵雨~中到大雨,2011-10-12,无持续风向
26,微风,22,大雨,2011-10-13,无持续风向
26,微风,20,阵雨~多云,2011-10-14,无持续风向
27,微风,19,多云,2011-10-15,无持续风向
29,微风,18,多云,2011-10-16,无持续风向
29,微风,17,晴,2011-10-17,无持续风向
29,微风,16,晴,2011-10-18,无持续风向
30,微风,18,晴,2011-10-19,无持续风向
29,微风,18,晴,2011-10-20,无持续风向
29,微风,17,晴,2011-10-21,无持续风向
30,微风,19,晴,2011-10-22,无持续风向
30,微风,21,多云,2011-10-23,无持续风向
29,微风,19,多云,2011-10-24,无持续风向
26,微风,17,多云,2011-10-25,无持续风向
26,微风,19,多云,2011-10-26,无持续风向
26,微风,20,多云,2011-10-27,无持续风向
27,微风,18,多云,2011-10-28,无持续风向
27,微风,18,多云,2011-10-29,无持续风向
27,微风,19,多云,2011-10-30,无持续风向
27,微风,18,多云,2011-10-31,无持续风向
28,微风,18,多云,2011-11-01,无持续风向
28,微风,19,多云,2011-11-02,无持续风向
27,微风,19,多云~小雨,2011-11-03,无持续风向
30,微风,22,多云,2011-11-04,无持续风向
30,微风,22,多云,2011-11-05,无持续风向
31,微风,23,多云,2011-11-06,无持续风向
31,微风,21,多云~小雨,2011-11-07,无持续风向
25,微风,18,大雨,2011-11-08,无持续风向
17,4-5级,15,大雨~中雨,2011-11-09,北风
22,3-4级,15,多云,2011-11-10,东北风
23,微风,16,多云,2011-11-11,无持续风向
25,微风,17,晴~多云,2011-11-12,无持续风向
26,微风,16,晴~多云,2011-11-13,无持续风向
27,微风,17,晴~多云,2011-11-14,无持续风向
28,微风,20,多云,2011-11-15,无持续风向
28,微风,19,多云,2011-11-16,无持续风向
27,微风,21,小雨~中雨,2011-11-17,无持续风向
24,微风,21,小雨~小到中雨,2011-11-18,无持续风向
27,微风,17,阴~多云,2011-11-19,无持续风向
26,微风,15,晴,2011-11-20,无持续风向
22,微风,17,多云~阴,2011-11-21,无持续风向
23,微风,16,阴~多云,2011-11-22,无持续风向
25,微风,15,晴,2011-11-23,无持续风向
25,微风,16,晴~多云,2011-11-24,无持续风向
24,微风,16,阴,2011-11-25,无持续风向
22,微风,15,小雨~多云,2011-11-26,无持续风向
25,微风,14,多云,2011-11-27,无持续风向
27,微风,14,晴,2011-11-28,无持续风向
27,微风,16,晴~多云,2011-11-29,无持续风向
21,3-4级,13,多云~阴,2011-11-30,北风
18,4-5级~3-4级,9,多云~晴,2011-12-01,北风
17,3-4级~微风,6,晴,2011-12-02,北风~无持续风向
17,微风,5,晴,2011-12-03,无持续风向
21,微风,10,晴~多云,2011-12-04,无持续风向
22,微风,11,晴~多云,2011-12-05,无持续风向
21,微风,16,阴,2011-12-06,无持续风向
25,微风~3-4级,15,多云~小雨,2011-12-07,无持续风向~北风
15,3-4级,9,阴,2011-12-08,北风
14,4-5级,6,阴~多云,2011-12-09,北风
16,3-4级,4,多云~晴,2011-12-10,北风
16,3-4级~微风,4,晴,2011-12-11,北风~无持续风向
17,微风,8,晴,2011-12-12,无持续风向
20,微风,11,晴~多云,2011-12-13,无持续风向
22,微风,12,多云~阴,2011-12-14,无持续风向
19,3-4级~4-5级,10,多云,2011-12-15,北风
17,4-5级,9,多云,2011-12-16,北风
18,3-4级~微风,8,多云~晴,2011-12-17,北风~无持续风向
18,微风,7,多云~晴,2011-12-18,无持续风向
20,微风,11,晴~多云,2011-12-19,无持续风向
21,微风,13,晴~多云,2011-12-20,无持续风向
20,微风,12,阴,2011-12-21,无持续风向
19,3-4级,10,多云,2011-12-22,北风
16,3-4级,5,晴,2011-12-23,北风
16,微风,5,晴,2011-12-24,无持续风向
16,微风,6,晴,2011-12-25,无持续风向
18,微风,10,多云,2011-12-26,无持续风向
20,微风,10,多云,2011-12-27,无持续风向
22,微风,12,多云,2011-12-28,无持续风向
23,微风,12,多云~阴,2011-12-29,无持续风向
20,3-4级,12,多云,2011-12-30,北风
19,微风,10,多云,2011-12-31,无持续风向
21,微风,10,多云,2012-01-01,无持续风向
18,微风,10,多云,2012-01-02,无持续风向
18,微风~3-4级,8,阴~小雨,2012-01-03,无持续风向~北风
10,3-4级,7,小雨,2012-01-04,北风
7,3-4级,5,小雨,2012-01-05,北风
9,微风,5,小雨~阴,2012-01-06,无持续风向
14,微风,9,阴,2012-01-07,无持续风向
17,微风,9,多云,2012-01-08,无持续风向
19,微风,9,多云,2012-01-09,无持续风向
20,微风,9,多云,2012-01-10,无持续风向
17,微风,11,阴,2012-01-11,无持续风向
14,微风,10,小雨,2012-01-12,无持续风向
15,微风,11,小雨,2012-01-13,无持续风向
17,微风,13,小雨~中到大雨,2012-01-14,无持续风向
16,微风,11,阴~多云,2012-01-16,无持续风向
18,微风,11,阴~多云,2012-01-17,无持续风向
21,微风,12,多云,2012-01-18,无持续风向
20,微风,16,阴,2012-01-19,无持续风向
17,微风,12,小雨,2012-01-20,无持续风向
14,3-4级,7,小雨~小到中雨,2012-01-21,北风
7,3-4级,4,小雨,2012-01-22,北风
7,3-4级,5,小雨,2012-01-23,北风
7,3-4级,5,小雨,2012-01-24,北风
9,3-4级~微风,4,阴,2012-01-25,北风~无持续风向
8,微风,4,小雨~阴,2012-01-26,无持续风向
11,微风,7,阴~多云,2012-01-27,无持续风向
16,微风,11,雾,2012-01-28,无持续风向
13,3-4级,9,阴,2012-01-29,北风
16,微风,8,多云,2012-01-30,无持续风向
18,微风,10,多云,2012-01-31,无持续风向
19,微风,11,多云,2012-02-01,无持续风向
14,3-4级,10,阴,2012-02-02,北风
13,微风,9,小雨~阴,2012-02-03,无持续风向
16,微风,11,阴,2012-02-04,无持续风向
21,微风,14,阴~雾,2012-02-05,无持续风向
23,微风~3-4级,12,小雨,2012-02-06,无持续风向~北风
17,3-4级,8,多云,2012-02-07,北风
14,微风,10,阴,2012-02-08,无持续风向
14,微风,7,阴,2012-02-09,无持续风向
10,3-4级,7,小雨,2012-02-10,北风~东北风
13,微风,6,阴,2012-02-11,无持续风向
16,微风,9,阴,2012-02-12,无持续风向
23,微风,14,多云~阴,2012-02-13,无持续风向
26,微风,18,多云~雾,2012-02-14,无持续风向
26,微风,14,多云~小雨,2012-02-15,无持续风向
14,3-4级,10,小雨,2012-02-16,北风
13,3-4级,8,阴,2012-02-17,北风
16,3-4级,8,阴,2012-02-18,北风
19,微风,10,多云,2012-02-19,无持续风向
19,微风,14,多云,2012-02-20,无持续风向
23,微风,16,阴,2012-02-21,无持续风向
24,微风,18,小雨,2012-02-22,无持续风向
23,微风,19,小雨,2012-02-23,无持续风向
25,微风~3-4级,16,小雨,2012-02-24,无持续风向~东北风
15,3-4级,10,小雨,2012-02-25,北风
12,3-4级,9,阴,2012-02-26,北风
9,微风,6,小雨~小到中雨,2012-02-27,无持续风向
12,微风,7,小雨~阴,2012-02-28,无持续风向
17,微风,14,小雨,2012-02-29,无持续风向
18,微风,12,雾,2012-03-01,无持续风向
23,微风,17,雾,2012-03-02,无持续风向
18,微风,16,阴,2012-03-03,无持续风向
23,微风,19,小雨~中到大雨,2012-03-04,无持续风向
23,微风,19,中雨,2012-03-05,无持续风向
25,微风,22,中雨~小雨,2012-03-06,无持续风向
18,微风,16,小雨,2012-03-07,无持续风向
15,3-4级,11,小雨,2012-03-08,北风
13,3-4级,9,小雨,2012-03-09,北风
13,3-4级,9,阴~小雨,2012-03-10,北风
11,微风,8,小雨,2012-03-11,无持续风向
14,微风,10,阴,2012-03-12,无持续风向
15,微风,11,小雨~阴,2012-03-13,无持续风向
17,微风,13,小雨~阴,2012-03-14,无持续风向
21,微风,16,阴~小雨,2012-03-15,无持续风向
24,微风,18,小雨,2012-03-16,无持续风向
25,微风,20,小雨,2012-03-17,无持续风向
27,微风,20,阴,2012-03-18,无持续风向
24,微风,19,小雨,2012-03-19,无持续风向
24,微风,18,小雨,2012-03-20,无持续风向
24,微风,18,阴,2012-03-21,无持续风向
26,微风,19,阴~阵雨,2012-03-22,无持续风向
22,3-4级,12,小雨~阵雨,2012-03-23,北风
22,3-4级~微风,11,晴,2012-03-24,北风~无持续风向
24,微风,13,晴~多云,2012-03-25,无持续风向
25,微风,12,晴~多云,2012-03-26,无持续风向
26,微风,14,晴~多云,2012-03-27,无持续风向
27,微风,18,晴~多云,2012-03-28,无持续风向
26,微风,18,多云,2012-03-29,无持续风向
28,微风~3-4级,16,多云~阵雨,2012-03-30,无持续风向~北风
25,3-4级,16,多云~晴,2012-03-31,北风
maxtemp,power,mintemp,weather,date,wind
19,微风,10,多云,2011-01-01,无持续风向
19,微风,11,多云,2011-01-02,无持续风向
18,微风,12,多云,2011-01-03,无持续风向
19,微风,8,小雨,2011-01-04,无持续风向
16,微风~3-4级,9,多云,2011-01-05,无持续风向~北风
16,微风,9,晴,2011-01-06,无持续风向
18,微风,10,多云,2011-01-07,无持续风向
16,微风,9,多云,2011-01-08,无持续风向
12,微风,6,阵雨,2011-01-09,无持续风向
9,微风,6,小到中雨~小雨,2011-01-10,无持续风向
10,微风,8,阵雨,2011-01-11,无持续风向
14,微风,7,小雨,2011-01-12,无持续风向
15,微风,10,阵雨~阴,2011-01-13,无持续风向
12,3-4级,5,多云,2011-01-14,东北风
14,微风,9,晴~多云,2011-01-15,无持续风向
14,微风,5,多云~阴,2011-01-16,无持续风向
16,微风,9,多云,2011-01-26,无持续风向
13,3-4级,5,多云,2011-01-29,北风
14,3-4级,5,多云,2011-01-30,北风
16,微风,8,晴~多云,2011-01-31,无持续风向
17,微风,8,多云,2011-02-01,无持续风向
18,微风,10,多云,2011-02-02,无持续风向
21,微风,11,多云,2011-02-03,无持续风向
23,微风,9,晴~多云,2011-02-04,无持续风向
25,微风,10,晴,2011-02-05,无持续风向
25,微风,11,晴~多云,2011-02-06,无持续风向
26,微风,14,多云,2011-02-07,无持续风向
26,微风,13,多云,2011-02-08,无持续风向
24,微风,15,多云,2011-02-09,无持续风向
26,微风,12,多云~小雨,2011-02-10,无持续风向
15,3-4级,10,阴,2011-02-11,北风
14,微风,9,阴~小雨,2011-02-12,无持续风向
10,微风,6,中雨~小雨,2011-02-13,无持续风向
14,微风,7,阴,2011-02-14,无持续风向
9,微风,6,小雨,2011-02-15,无持续风向
11,微风,9,小雨~阴,2011-02-16,无持续风向
14,微风,9,雾,2011-02-17,无持续风向
14,微风,10,阴~小雨,2011-02-18,无持续风向
10,微风,8,小雨,2011-02-19,无持续风向
15,微风,10,阴,2011-02-20,无持续风向
17,微风,14,阴~多云,2011-02-21,无持续风向
19,微风,14,小雨~多云,2011-02-22,无持续风向
20,微风,15,多云~阴,2011-02-23,无持续风向
21,微风,14,多云,2011-02-24,无持续风向
26,微风,14,多云,2011-02-25,无持续风向
25,微风,18,多云,2011-02-26,无持续风向
25,微风,18,多云,2011-02-27,无持续风向
27,微风,17,晴~多云,2011-02-28,无持续风向
25,微风,13,多云,2011-03-01,无持续风向
19,3-4级~微风,12,多云~阴,2011-03-02,北风~无持续风向
22,微风,12,多云,2011-03-03,无持续风向
21,微风,12,多云,2011-03-04,无持续风向
23,微风,15,多云~阴,2011-03-05,无持续风向
23,微风~3-4级,14,阴~小雨,2011-03-06,无持续风向~北风
17,3-4级,12,阴,2011-03-07,北风
19,微风,12,小雨,2011-03-08,无持续风向
16,微风~3-4级,12,小雨,2011-03-09,无持续风向~北风
17,微风,13,小雨~阴,2011-03-10,无持续风向
19,微风,13,多云,2011-03-11,无持续风向
19,微风,15,多云,2011-03-12,无持续风向
25,微风,15,多云,2011-03-13,无持续风向
26,微风,17,多云,2011-03-14,无持续风向
22,4-5级~3-4级,11,多云,2011-03-15,北风
15,4-5级~3-4级,10,阴,2011-03-16,北风
19,3-4级~微风,13,多云~小雨,2011-03-17,北风~无持续风向
15,微风,11,小到中雨~中雨,2011-03-18,无持续风向
16,微风,12,小雨,2011-03-19,无持续风向
21,微风,17,多云,2011-03-20,无持续风向
27,微风,18,阴~小雨,2011-03-21,无持续风向
15,3-4级,11,阴~小雨,2011-03-22,北风
18,3-4级,11,多云~阴,2011-03-23,北风
17,微风,13,阴~多云,2011-03-24,无持续风向
18,微风,13,多云,2011-03-25,无持续风向
20,微风,14,阴,2011-03-26,无持续风向
15,微风,10,小雨~阴,2011-03-27,无持续风向
22,微风,12,多云,2011-03-28,无持续风向
25,微风,12,多云,2011-03-29,无持续风向
21,微风,13,阴,2011-03-30,无持续风向
25,微风,15,多云,2011-03-31,无持续风向
27,微风,16,多云,2011-04-01,无持续风向
28,微风,17,多云,2011-04-02,无持续风向
28,微风,14,多云~小雨,2011-04-03,无持续风向
19,微风,15,阴~多云,2011-04-04,无持续风向
23,微风,16,多云,2011-04-05,无持续风向
24,微风,17,多云,2011-04-06,无持续风向
26,微风,17,多云,2011-04-07,无持续风向
27,微风,18,多云,2011-04-08,无持续风向
28,微风,18,多云,2011-04-09,无持续风向
29,微风,18,多云,2011-04-10,无持续风向
31,微风,18,晴~多云,2011-04-11,无持续风向
28,微风,19,多云,2011-04-12,无持续风向
29,微风,20,多云,2011-04-13,无持续风向
31,微风,19,多云,2011-04-14,无持续风向
31,微风,19,多云,2011-04-15,无持续风向
32,微风~3-4级,21,多云~雷阵雨,2011-04-16,无持续风向~北风
27,微风~3-4级,21,大到暴雨~阵雨,2011-04-17,无持续风向~北风
29,微风,18,多云,2011-04-18,无持续风向
28,微风,18,晴~多云,2011-04-19,无持续风向
32,微风,19,晴~多云,2011-04-20,无持续风向
27,微风,21,多云,2011-04-21,无持续风向
27,微风,18,雷阵雨~阴,2011-04-22,无持续风向
29,微风,18,多云,2011-04-23,无持续风向
29,微风,18,多云,2011-04-24,无持续风向
31,微风,18,多云,2011-04-25,无持续风向
31,微风,20,多云,2011-04-26,无持续风向
31,微风,22,多云,2011-04-27,无持续风向
32,微风,23,多云,2011-04-28,无持续风向
26,微风,22,小雨~阵雨,2011-04-29,无持续风向
28,微风,23,阵雨,2011-04-30,无持续风向
28,微风,23,阵雨,2011-05-01,无持续风向
29,微风,25,阵雨,2011-05-02,无持续风向
27,微风,20,中雨~小到中雨,2011-05-03,无持续风向
23,微风,18,阵雨,2011-05-04,无持续风向
25,微风,20,阵雨,2011-05-05,无持续风向
28,微风,24,阵雨,2011-05-06,无持续风向
30,微风,24,阵雨~多云,2011-05-07,无持续风向
30,微风,24,阵雨,2011-05-08,无持续风向
32,微风,24,多云,2011-05-09,无持续风向
34,微风,26,多云,2011-05-10,无持续风向
31,微风,25,雷阵雨~中到大雨,2011-05-11,无持续风向
32,微风,23,中雨~中到大雨,2011-05-12,无持续风向
25,微风,22,中到大雨,2011-05-13,无持续风向
26,微风,22,雷阵雨,2011-05-14,无持续风向
26,微风,22,阵雨,2011-05-15,无持续风向
27,微风,22,中到大雨~阵雨,2011-05-16,无持续风向
29,微风,20,晴,2011-05-17,无持续风向
31,微风,21,多云,2011-05-18,无持续风向
31,微风,20,晴~多云,2011-05-19,无持续风向
32,微风,23,多云,2011-05-20,无持续风向
31,微风,23,多云~阵雨,2011-05-21,无持续风向
26,微风,21,暴雨,2011-05-22,无持续风向
25,微风,20,阴,2011-05-23,无持续风向
27,微风,20,多云,2011-05-24,无持续风向
28,微风,22,多云,2011-05-25,无持续风向
30,微风,21,晴,2011-05-26,无持续风向
31,微风,23,多云,2011-05-27,无持续风向
33,微风,22,晴,2011-05-28,无持续风向
34,微风,21,晴,2011-05-29,无持续风向
33,微风,23,多云,2011-05-30,无持续风向
34,微风,21,晴,2011-05-31,无持续风向
35,微风,22,晴~多云,2011-06-01,无持续风向
34,微风,26,多云,2011-06-02,无持续风向
33,微风,26,多云,2011-06-03,无持续风向
33,微风,27,多云,2011-06-04,无持续风向
33,微风,27,阴~阵雨,2011-06-05,无持续风向
34,微风,27,阵雨~多云,2011-06-06,无持续风向
33,微风,27,阵雨,2011-06-07,无持续风向
33,微风,26,阵雨,2011-06-08,无持续风向
34,微风,27,阵雨~多云,2011-06-09,无持续风向
35,微风~3-4级,27,多云,2011-06-10,无持续风向~东风
33,微风,26,阵雨,2011-06-11,无持续风向
29,微风,25,雷阵雨~阵雨,2011-06-12,无持续风向
32,微风,26,雷阵雨~多云,2011-06-13,无持续风向
34,微风,26,雷阵雨~多云,2011-06-14,无持续风向
34,微风,26,阵雨,2011-06-15,无持续风向
30,微风,23,中到大雨~暴雨,2011-06-16,无持续风向
29,3-4级,25,大到暴雨~中到大雨,2011-06-17,东南风
31,微风,26,雷阵雨~阵雨,2011-06-18,无持续风向
33,微风,25,多云,2011-06-19,无持续风向
35,微风,26,多云,2011-06-20,无持续风向
35,微风,25,多云,2011-06-21,无持续风向
32,3-4级~4-5级,24,中雨~大到暴雨,2011-06-22,东北风~东南风
30,3-4级~微风,25,中雨,2011-06-23,东南风~无持续风向
33,微风,26,阵雨,2011-06-24,无持续风向
34,微风,25,阵雨,2011-06-25,无持续风向
29,微风,24,大到暴雨~雷阵雨,2011-06-26,无持续风向
32,微风,26,阵雨~中雨,2011-06-27,无持续风向
33,微风,25,雷阵雨~中到大雨,2011-06-28,无持续风向
29,微风,25,暴雨,2011-06-29,无持续风向
29,微风,25,中到大雨~中雨,2011-06-30,无持续风向
31,微风,26,雷阵雨~多云,2011-07-01,无持续风向
34,微风,26,多云~晴,2011-07-02,无持续风向
35,微风,26,晴,2011-07-03,无持续风向
35,微风,26,晴,2011-07-04,无持续风向
35,微风,26,晴,2011-07-05,无持续风向
35,微风,26,晴,2011-07-06,无持续风向
35,微风,27,晴,2011-07-07,无持续风向
35,微风,26,晴,2011-07-08,无持续风向
35,微风,27,多云,2011-07-09,无持续风向
33,微风,25,雷阵雨~阴,2011-07-10,无持续风向
32,微风,24,雷阵雨,2011-07-11,无持续风向
33,微风,25,雷阵雨,2011-07-12,无持续风向
33,微风,26,雷阵雨,2011-07-13,无持续风向
33,微风,26,雷阵雨,2011-07-14,无持续风向
30,微风,25,大到暴雨~暴雨,2011-07-15,无持续风向
28,微风,25,暴雨~大雨,2011-07-16,无持续风向
30,微风,26,大雨~中雨,2011-07-17,无持续风向
33,微风,26,中雨~中到大雨,2011-07-18,无持续风向
32,微风,25,雷阵雨~阵雨,2011-07-19,无持续风向
31,微风,25,大雨~中到大雨,2011-07-20,无持续风向
32,微风,25,雷阵雨~阵雨,2011-07-21,无持续风向
34,微风,26,多云,2011-07-22,无持续风向
35,微风,26,晴,2011-07-23,无持续风向
35,微风,26,晴,2011-07-24,无持续风向
36,微风,26,晴,2011-07-25,无持续风向
35,微风,27,多云~晴,2011-07-26,无持续风向
35,微风,26,晴,2011-07-27,无持续风向
35,微风,25,晴~雷阵雨,2011-07-28,无持续风向
32,3-4级,25,中雨,2011-07-29,东风~东北风
33,微风,26,阵雨~多云,2011-07-30,无持续风向
33,微风,25,阵雨,2011-07-31,无持续风向
33,微风,24,阵雨~多云,2011-08-01,无持续风向
35,微风,26,多云~晴,2011-08-02,无持续风向
36,微风,25,晴,2011-08-03,无持续风向
36,微风,25,晴,2011-08-04,无持续风向
36,微风,26,晴,2011-08-05,无持续风向
35,微风,26,多云,2011-08-06,无持续风向
34,微风,26,多云,2011-08-07,无持续风向
34,微风,27,雷阵雨~阵雨,2011-08-08,无持续风向
30,微风,25,中到大雨,2011-08-09,无持续风向
30,微风,25,中雨~雷阵雨,2011-08-10,无持续风向
30,微风,26,阵雨,2011-08-11,无持续风向
34,微风,26,阵雨~多云,2011-08-12,无持续风向
35,微风,26,晴,2011-08-13,无持续风向
35,微风,26,晴,2011-08-14,无持续风向
35,微风,25,晴,2011-08-15,无持续风向
35,微风,26,晴~多云,2011-08-16,无持续风向
35,微风,26,晴,2011-08-17,无持续风向
35,微风,26,多云,2011-08-18,无持续风向
35,微风,25,多云~雷阵雨,2011-08-19,无持续风向
35,微风,25,阵雨~多云,2011-08-20,无持续风向
35,微风,25,多云~晴,2011-08-21,无持续风向
35,微风,25,雷阵雨~多云,2011-08-22,无持续风向
35,微风,25,多云,2011-08-23,无持续风向
34,微风,26,雷阵雨,2011-08-24,无持续风向
34,微风,25,雷阵雨~多云,2011-08-25,无持续风向
35,微风,26,多云,2011-08-26,无持续风向
35,微风,25,晴,2011-08-27,无持续风向
35,微风,26,晴,2011-08-28,无持续风向
36,微风,26,晴~多云,2011-08-29,无持续风向
36,微风,26,晴,2011-08-30,无持续风向
35,微风,25,多云~雷阵雨,2011-08-31,无持续风向
29,微风,24,中到大雨~大到暴雨,2011-09-01,无持续风向
30,微风,25,大雨,2011-09-02,无持续风向
31,微风,26,中雨~阵雨,2011-09-03,无持续风向
32,微风,25,阴~多云,2011-09-04,无持续风向
34,微风,26,多云,2011-09-05,无持续风向
33,微风,25,多云,2011-09-06,无持续风向
33,微风,25,阵雨~多云,2011-09-07,无持续风向
35,微风,25,多云,2011-09-08,无持续风向
35,微风,25,多云,2011-09-09,无持续风向
33,微风,25,阵雨~多云,2011-09-10,无持续风向
33,微风,24,雷阵雨~阵雨,2011-09-11,无持续风向
33,微风,24,阵雨~多云,2011-09-12,无持续风向
33,微风,25,多云~阵雨,2011-09-13,无持续风向
33,微风,25,多云,2011-09-14,无持续风向
33,微风,25,雷阵雨~阴,2011-09-15,无持续风向
33,微风,24,多云,2011-09-16,无持续风向
34,微风,24,阵雨,2011-09-17,无持续风向
35,微风,24,多云,2011-09-18,无持续风向
31,微风,21,阵雨~多云,2011-09-19,无持续风向
30,3-4级,20,晴,2011-09-20,北风
29,微风,20,晴,2011-09-21,无持续风向
29,微风,21,晴,2011-09-22,无持续风向
30,微风,21,晴~多云,2011-09-23,无持续风向
29,微风,22,阵雨,2011-09-24,无持续风向
28,微风,23,阵雨~多云,2011-09-25,无持续风向
31,微风,23,多云,2011-09-26,无持续风向
33,微风,24,晴,2011-09-27,无持续风向
34,微风~3-4级,23,晴~阵雨,2011-09-28,无持续风向~东风
28,4-5级,21,中到大雨~大到暴雨,2011-09-29,东北风~东风
30,微风,24,中雨~阵雨,2011-09-30,无持续风向
30,微风,23,多云,2011-10-01,无持续风向
30,微风,22,多云,2011-10-02,无持续风向
26,3-4级,20,阵雨,2011-10-03,东北风
25,3-4级,19,阵雨,2011-10-04,北风
26,微风,20,多云~阵雨,2011-10-05,无持续风向
28,微风,21,多云,2011-10-06,无持续风向
27,微风,21,多云,2011-10-07,无持续风向
30,微风,21,晴,2011-10-08,无持续风向
31,微风,21,晴~多云,2011-10-09,无持续风向
32,微风,22,多云~阵雨,2011-10-10,无持续风向
29,微风,22,阵雨,2011-10-11,无持续风向
27,微风,23,阵雨~中到大雨,2011-10-12,无持续风向
26,微风,22,大雨,2011-10-13,无持续风向
26,微风,20,阵雨~多云,2011-10-14,无持续风向
27,微风,19,多云,2011-10-15,无持续风向
29,微风,18,多云,2011-10-16,无持续风向
29,微风,17,晴,2011-10-17,无持续风向
29,微风,16,晴,2011-10-18,无持续风向
30,微风,18,晴,2011-10-19,无持续风向
29,微风,18,晴,2011-10-20,无持续风向
29,微风,17,晴,2011-10-21,无持续风向
30,微风,19,晴,2011-10-22,无持续风向
30,微风,21,多云,2011-10-23,无持续风向
29,微风,19,多云,2011-10-24,无持续风向
26,微风,17,多云,2011-10-25,无持续风向
26,微风,19,多云,2011-10-26,无持续风向
26,微风,20,多云,2011-10-27,无持续风向
27,微风,18,多云,2011-10-28,无持续风向
27,微风,18,多云,2011-10-29,无持续风向
27,微风,19,多云,2011-10-30,无持续风向
27,微风,18,多云,2011-10-31,无持续风向
28,微风,18,多云,2011-11-01,无持续风向
28,微风,19,多云,2011-11-02,无持续风向
27,微风,19,多云~小雨,2011-11-03,无持续风向
30,微风,22,多云,2011-11-04,无持续风向
30,微风,22,多云,2011-11-05,无持续风向
31,微风,23,多云,2011-11-06,无持续风向
31,微风,21,多云~小雨,2011-11-07,无持续风向
25,微风,18,大雨,2011-11-08,无持续风向
17,4-5级,15,大雨~中雨,2011-11-09,北风
22,3-4级,15,多云,2011-11-10,东北风
23,微风,16,多云,2011-11-11,无持续风向
25,微风,17,晴~多云,2011-11-12,无持续风向
26,微风,16,晴~多云,2011-11-13,无持续风向
27,微风,17,晴~多云,2011-11-14,无持续风向
28,微风,20,多云,2011-11-15,无持续风向
28,微风,19,多云,2011-11-16,无持续风向
27,微风,21,小雨~中雨,2011-11-17,无持续风向
24,微风,21,小雨~小到中雨,2011-11-18,无持续风向
27,微风,17,阴~多云,2011-11-19,无持续风向
26,微风,15,晴,2011-11-20,无持续风向
22,微风,17,多云~阴,2011-11-21,无持续风向
23,微风,16,阴~多云,2011-11-22,无持续风向
25,微风,15,晴,2011-11-23,无持续风向
25,微风,16,晴~多云,2011-11-24,无持续风向
24,微风,16,阴,2011-11-25,无持续风向
22,微风,15,小雨~多云,2011-11-26,无持续风向
25,微风,14,多云,2011-11-27,无持续风向
27,微风,14,晴,2011-11-28,无持续风向
27,微风,16,晴~多云,2011-11-29,无持续风向
21,3-4级,13,多云~阴,2011-11-30,北风
18,4-5级~3-4级,9,多云~晴,2011-12-01,北风
17,3-4级~微风,6,晴,2011-12-02,北风~无持续风向
17,微风,5,晴,2011-12-03,无持续风向
21,微风,10,晴~多云,2011-12-04,无持续风向
22,微风,11,晴~多云,2011-12-05,无持续风向
21,微风,16,阴,2011-12-06,无持续风向
25,微风~3-4级,15,多云~小雨,2011-12-07,无持续风向~北风
15,3-4级,9,阴,2011-12-08,北风
14,4-5级,6,阴~多云,2011-12-09,北风
16,3-4级,4,多云~晴,2011-12-10,北风
16,3-4级~微风,4,晴,2011-12-11,北风~无持续风向
17,微风,8,晴,2011-12-12,无持续风向
20,微风,11,晴~多云,2011-12-13,无持续风向
22,微风,12,多云~阴,2011-12-14,无持续风向
19,3-4级~4-5级,10,多云,2011-12-15,北风
17,4-5级,9,多云,2011-12-16,北风
18,3-4级~微风,8,多云~晴,2011-12-17,北风~无持续风向
18,微风,7,多云~晴,2011-12-18,无持续风向
20,微风,11,晴~多云,2011-12-19,无持续风向
21,微风,13,晴~多云,2011-12-20,无持续风向
20,微风,12,阴,2011-12-21,无持续风向
19,3-4级,10,多云,2011-12-22,北风
16,3-4级,5,晴,2011-12-23,北风
16,微风,5,晴,2011-12-24,无持续风向
16,微风,6,晴,2011-12-25,无持续风向
18,微风,10,多云,2011-12-26,无持续风向
20,微风,10,多云,2011-12-27,无持续风向
22,微风,12,多云,2011-12-28,无持续风向
23,微风,12,多云~阴,2011-12-29,无持续风向
20,3-4级,12,多云,2011-12-30,北风
19,微风,10,多云,2011-12-31,无持续风向
21,微风,10,多云,2012-01-01,无持续风向
18,微风,10,多云,2012-01-02,无持续风向
18,微风~3-4级,8,阴~小雨,2012-01-03,无持续风向~北风
10,3-4级,7,小雨,2012-01-04,北风
7,3-4级,5,小雨,2012-01-05,北风
9,微风,5,小雨~阴,2012-01-06,无持续风向
14,微风,9,阴,2012-01-07,无持续风向
17,微风,9,多云,2012-01-08,无持续风向
19,微风,9,多云,2012-01-09,无持续风向
20,微风,9,多云,2012-01-10,无持续风向
17,微风,11,阴,2012-01-11,无持续风向
14,微风,10,小雨,2012-01-12,无持续风向
15,微风,11,小雨,2012-01-13,无持续风向
17,微风,13,小雨~中到大雨,2012-01-14,无持续风向
16,微风,11,阴~多云,2012-01-16,无持续风向
18,微风,11,阴~多云,2012-01-17,无持续风向
21,微风,12,多云,2012-01-18,无持续风向
20,微风,16,阴,2012-01-19,无持续风向
17,微风,12,小雨,2012-01-20,无持续风向
14,3-4级,7,小雨~小到中雨,2012-01-21,北风
7,3-4级,4,小雨,2012-01-22,北风
7,3-4级,5,小雨,2012-01-23,北风
7,3-4级,5,小雨,2012-01-24,北风
9,3-4级~微风,4,阴,2012-01-25,北风~无持续风向
8,微风,4,小雨~阴,2012-01-26,无持续风向
11,微风,7,阴~多云,2012-01-27,无持续风向
16,微风,11,雾,2012-01-28,无持续风向
13,3-4级,9,阴,2012-01-29,北风
16,微风,8,多云,2012-01-30,无持续风向
18,微风,10,多云,2012-01-31,无持续风向
19,微风,11,多云,2012-02-01,无持续风向
14,3-4级,10,阴,2012-02-02,北风
13,微风,9,小雨~阴,2012-02-03,无持续风向
16,微风,11,阴,2012-02-04,无持续风向
21,微风,14,阴~雾,2012-02-05,无持续风向
23,微风~3-4级,12,小雨,2012-02-06,无持续风向~北风
17,3-4级,8,多云,2012-02-07,北风
14,微风,10,阴,2012-02-08,无持续风向
14,微风,7,阴,2012-02-09,无持续风向
10,3-4级,7,小雨,2012-02-10,北风~东北风
13,微风,6,阴,2012-02-11,无持续风向
16,微风,9,阴,2012-02-12,无持续风向
23,微风,14,多云~阴,2012-02-13,无持续风向
26,微风,18,多云~雾,2012-02-14,无持续风向
26,微风,14,多云~小雨,2012-02-15,无持续风向
14,3-4级,10,小雨,2012-02-16,北风
13,3-4级,8,阴,2012-02-17,北风
16,3-4级,8,阴,2012-02-18,北风
19,微风,10,多云,2012-02-19,无持续风向
19,微风,14,多云,2012-02-20,无持续风向
23,微风,16,阴,2012-02-21,无持续风向
24,微风,18,小雨,2012-02-22,无持续风向
23,微风,19,小雨,2012-02-23,无持续风向
25,微风~3-4级,16,小雨,2012-02-24,无持续风向~东北风
15,3-4级,10,小雨,2012-02-25,北风
12,3-4级,9,阴,2012-02-26,北风
9,微风,6,小雨~小到中雨,2012-02-27,无持续风向
12,微风,7,小雨~阴,2012-02-28,无持续风向
17,微风,14,小雨,2012-02-29,无持续风向
18,微风,12,雾,2012-03-01,无持续风向
23,微风,17,雾,2012-03-02,无持续风向
18,微风,16,阴,2012-03-03,无持续风向
23,微风,19,小雨~中到大雨,2012-03-04,无持续风向
23,微风,19,中雨,2012-03-05,无持续风向
25,微风,22,中雨~小雨,2012-03-06,无持续风向
18,微风,16,小雨,2012-03-07,无持续风向
15,3-4级,11,小雨,2012-03-08,北风
13,3-4级,9,小雨,2012-03-09,北风
13,3-4级,9,阴~小雨,2012-03-10,北风
11,微风,8,小雨,2012-03-11,无持续风向
14,微风,10,阴,2012-03-12,无持续风向
15,微风,11,小雨~阴,2012-03-13,无持续风向
17,微风,13,小雨~阴,2012-03-14,无持续风向
21,微风,16,阴~小雨,2012-03-15,无持续风向
24,微风,18,小雨,2012-03-16,无持续风向
25,微风,20,小雨,2012-03-17,无持续风向
27,微风,20,阴,2012-03-18,无持续风向
24,微风,19,小雨,2012-03-19,无持续风向
24,微风,18,小雨,2012-03-20,无持续风向
24,微风,18,阴,2012-03-21,无持续风向
26,微风,19,阴~阵雨,2012-03-22,无持续风向
22,3-4级,12,小雨~阵雨,2012-03-23,北风
22,3-4级~微风,11,晴,2012-03-24,北风~无持续风向
24,微风,13,晴~多云,2012-03-25,无持续风向
25,微风,12,晴~多云,2012-03-26,无持续风向
26,微风,14,晴~多云,2012-03-27,无持续风向
27,微风,18,晴~多云,2012-03-28,无持续风向
26,微风,18,多云,2012-03-29,无持续风向
28,微风~3-4级,16,多云~阵雨,2012-03-30,无持续风向~北风
25,3-4级,16,多云~晴,2012-03-31,北风
25,小于3级,23,中雨,2012-04-01,南风
27,小于3级,21,中雨,2012-04-02,南风
24,小于3级,24,中雨,2012-04-03,南风
27,小于3级,21,中雨,2012-04-04,南风
27,小于3级,21,中雨,2012-04-05,南风
26,小于3级,22,中雨,2012-04-06,南风
27,小于3级,21,中雨,2012-04-07,南风
25,小于3级,23,中雨,2012-04-08,南风
27,小于3级,21,中雨,2012-04-09,南风
26,小于3级,22,中雨,2012-04-10,南风
25,小于3级,23,中雨,2012-04-11,南风
26,小于3级,22,中雨,2012-04-12,南风
29,小于3级,23,雷阵雨转阵雨,2012-04-13,东风
30,小于3级,23,多云转雷阵雨,2012-04-14,东南风
26,小于3级,23,暴雨,2012-04-15,南风
28,小于3级,23,雷阵雨转中到大雨,2012-04-16,北风
25,小于3级,22,中雨转大雨,2012-04-17,东南风
24,小于3级,20,暴雨,2012-04-18,南风
24,小于3级,21,暴雨,2012-04-19,东南风
24,小于3级,21,暴雨,2012-04-20,西北风
26,小于3级,19,阴转多云,2012-04-21,西北风
31,小于3级,21,多云,2012-04-22,南风
29,小于3级,23,阵雨转雷阵雨,2012-04-23,东南风
25,小于3级,22,阵雨转暴雨,2012-04-24,南风
28,3-4级转小于3级,22,雷阵雨转多云,2012-04-25,北风
28,小于3级,23,多云转阵雨,2012-04-26,北风
24,小于3级,20,大雨转中雨,2012-04-27,南风
29,小于3级,22,雷阵雨,2012-04-28,东南风
30,小于3级,23,多云转雷阵雨,2012-04-29,东南风
31,小于3级,25,雷阵雨转中到大雨,2012-04-30,东南风
32,小于3级,25,雷阵雨,2012-05-01,东南风
32,小于3级,25,阵雨转多云,2012-05-02,北风
31,小于3级,25,雷阵雨,2012-05-03,东北风
33,小于3级,24,雷阵雨,2012-05-04,南风
33,小于3级,24,多云,2012-05-05,东北风
33,小于3级,24,雷阵雨转多云,2012-05-06,东风
34,小于3级,25,多云转晴,2012-05-07,东南风
35,小于3级,26,晴,2012-05-08,东南风
32,小于3级,26,多云转雷阵雨,2012-05-09,东风
31,小于3级,25,中雨转雷阵雨,2012-05-10,东南风
30,小于3级,25,雷阵雨,2012-05-11,东风
32,小于3级,25,雷阵雨,2012-05-12,南风
30,小于3级,25,雷阵雨转暴雨,2012-05-13,北风
30,小于3级,25,大雨转雷阵雨,2012-05-14,南风
33,小于3级,24,雷阵雨,2012-05-15,北风
30,小于3级,24,雷阵雨,2012-05-16,东北风
29,小于3级,25,大雨,2012-05-17,东北风
31,小于3级,24,阵雨转大雨,2012-05-18,东风
29,小于3级,24,中雨转雷阵雨,2012-05-19,北风
34,小于3级,24,多云转晴,2012-05-20,北风
32,小于3级,23,多云,2012-05-21,东北风
31,小于3级,24,多云,2012-05-22,北风
32,小于3级,23,多云,2012-05-23,东南风
32,小于3级,22,多云,2012-05-24,北风
31,小于3级,24,多云转雷阵雨,2012-05-25,东风
29,小于3级,23,雷阵雨转大雨,2012-05-26,南风
31,小于3级,24,雷阵雨,2012-05-27,东北风
32,小于3级,25,阵雨转多云,2012-05-28,东南风
30,小于3级,24,阵雨转中雨,2012-05-29,南风
31,小于3级,24,阵雨转多云,2012-05-30,东南风
31,小于3级,24,多云,2012-05-31,东风
31,小于3级,23,多云,2012-06-01,西北风
31,小于3级,24,多云,2012-06-02,东北风
32,小于3级,24,多云,2012-06-03,西南风
31,小于3级,24,多云,2012-06-04,南风
33,小于3级,24,多云,2012-06-05,南风
35,小于3级,26,多云,2012-06-06,南风
35,小于3级,25,多云,2012-06-07,东南风
33,小于3级,25,阵雨,2012-06-08,南风
34,小于3级,27,多云,2012-06-09,西南风
33,小于3级,26,雷阵雨,2012-06-10,南风
30,小于3级,25,暴雨,2012-06-11,西北风
32,小于3级,26,阵雨转雷阵雨,2012-06-12,西南风
31,小于3级,25,阵雨转雷阵雨,2012-06-13,东南风
33,小于3级,24,阵雨,2012-06-14,南风
32,小于3级,25,雷阵雨,2012-06-15,西南风
29,小于3级,24,大雨转暴雨,2012-06-16,东风
29,小于3级,24,中雨转中到大雨,2012-06-17,东南风
32,3-4级转小于3级,26,阵雨转多云,2012-06-18,东北风
34,小于3级,26,多云转阵雨,2012-06-19,北风
29,小于3级,25,雷阵雨转大雨,2012-06-20,西南风
30,小于3级,25,暴雨转中到大雨,2012-06-21,东南风
31,小于3级,25,阵雨转中雨,2012-06-22,东北风
31,小于3级,25,雷阵雨,2012-06-23,东风
31,小于3级,25,中雨,2012-06-24,东南风
32,小于3级,26,雷阵雨,2012-06-25,南风
33,小于3级,26,阵雨转多云,2012-06-26,东南风
34,小于3级,26,多云,2012-06-27,南风
35,小于3级转3-4级,25,多云,2012-06-28,南风
29,3-4级转5-6级,24,阵雨转暴雨,2012-06-29,东风
32,3-4级转小于3级,25,阵雨,2012-06-30,东风
35,小于3级,25,多云,2012-07-01,东南风
34,小于3级,24,多云,2012-07-02,南风
34,小于3级,24,多云,2012-07-03,南风
33,小于3级,24,多云转雷阵雨,2012-07-04,东北风
32,小于3级,25,阵雨,2012-07-05,东南风
33,小于3级,25,阵雨,2012-07-06,西南风
33,小于3级,25,阵雨,2012-07-07,东南风
34,小于3级,25,多云,2012-07-08,南风
35,小于3级,26,晴,2012-07-09,南风
35,小于3级,26,晴,2012-07-10,东南风
35,小于3级,26,晴,2012-07-11,东南风
34,小于3级,26,晴转多云,2012-07-12,东南风
35,小于3级,26,多云转阵雨,2012-07-13,东南风
35,小于3级,26,多云,2012-07-14,南风
35,小于3级,27,多云转阵雨,2012-07-15,南风
34,小于3级,26,多云转雷阵雨,2012-07-16,东南风
34,小于3级,27,多云转雷阵雨,2012-07-17,东南风
34,小于3级,26,多云,2012-07-18,西南风
35,小于3级,25,多云转晴,2012-07-19,西风
35,小于3级,26,多云转晴,2012-07-20,北风
35,小于3级转3-4级,26,多云转雷阵雨,2012-07-21,西北风
32,4-5级,25,中雨,2012-07-22,东风
29,4-5级转5-6级,25,大雨转暴雨,2012-07-23,东北风
28,4-5级转3-4级,25,暴雨,2012-07-24,东风
28,3-4级转小于3级,24,暴雨转大雨,2012-07-25,东南风
28,3-4级转小于3级,24,大雨,2012-07-26,东风
29,小于3级,25,阵雨,2012-07-27,东北风
28,小于3级,24,阵雨转多云,2012-07-28,东北风
33,小于3级,24,多云,2012-07-29,西风
35,小于3级,24,晴,2012-07-30,西北风
36,小于3级,24,晴,2012-07-31,北风
37,小于3级,26,晴,2012-08-01,北风
36,小于3级,26,晴转多云,2012-08-02,北风
33,小于3级,26,阵雨,2012-08-03,西北风
33,小于3级,25,阵雨,2012-08-04,北风
32,小于3级,25,多云,2012-08-05,北风
33,小于3级,25,多云,2012-08-06,北风
35,小于3级,25,多云,2012-08-07,东北风
33,小于3级,25,多云转雷阵雨,2012-08-08,北风
35,小于3级,25,多云,2012-08-09,南风
35,小于3级,26,多云,2012-08-10,西南风
33,小于3级,26,多云转雷阵雨,2012-08-11,西北风
32,小于3级,25,雷阵雨,2012-08-12,北风
31,小于3级,25,阵雨,2012-08-13,东北风
35,小于3级,25,多云,2012-08-14,南风
35,小于3级转3-4级,25,多云转雷阵雨,2012-08-15,北风
32,4-5级,25,雷阵雨转大雨,2012-08-16,东北风
33,3-4级转小于3级,25,雷阵雨,2012-08-17,东南风
33,小于3级,26,阵雨,2012-08-18,西风
35,小于3级,25,多云,2012-08-19,北风
35,小于3级,26,多云,2012-08-20,东北风
34,小于3级,25,雷阵雨,2012-08-21,东北风
33,小于3级,25,雷阵雨转多云,2012-08-22,东北风
35,小于3级,25,多云,2012-08-23,北风
34,小于3级,25,多云,2012-08-24,北风
33,3-4级,26,多云,2012-08-25,北风
35,小于3级,26,晴,2012-08-26,北风
35,小于3级,24,多云转晴,2012-08-27,北风
34,小于3级,27,晴转多云,2012-08-28,北风
34,小于3级,25,多云,2012-08-29,东北风
34,小于3级,26,多云转雷阵雨,2012-08-30,北风
33,小于3级,25,多云转雷阵雨,2012-08-31,东北风
32,小于3级,25,雷阵雨,2012-09-01,东风
31,小于3级,24,雷阵雨,2012-09-02,南风
33,小于3级,24,雷阵雨转多云,2012-09-03,北风
33,小于3级,25,雷阵雨转多云,2012-09-04,东北风
33,小于3级,24,多云,2012-09-05,北风
33,小于3级,24,多云,2012-09-06,西北风
33,小于3级,24,雷阵雨,2012-09-07,西北风
34,小于3级,24,多云,2012-09-08,北风
35,小于3级,25,多云,2012-09-09,南风
34,小于3级,25,多云,2012-09-10,西北风
33,小于3级,24,多云,2012-09-11,南风
31,小于3级转3-4级,25,多云转雷阵雨,2012-09-12,东北风
30,3-4级,22,阵雨转阴,2012-09-13,北风
30,3-4级,21,多云转晴,2012-09-14,东北风
30,3-4级,20,晴,2012-09-15,北风
30,3-4级,20,晴,2012-09-16,北风
31,3-4级转小于3级,19,晴,2012-09-17,北风
31,小于3级,21,多云,2012-09-18,西北风
31,小于3级,23,多云,2012-09-19,北风
30,小于3级,23,多云,2012-09-20,西北风
32,小于3级,23,多云,2012-09-21,东北风
32,小于3级,23,多云转阵雨,2012-09-22,南风
31,小于3级,25,多云,2012-09-23,南风
31,小于3级,24,多云,2012-09-24,西南风
31,小于3级,23,多云,2012-09-25,北风
31,小于3级,23,多云,2012-09-26,东北风
32,3-4级,23,晴,2012-09-27,北风
30,3-4级,22,晴,2012-09-28,北风
30,3-4级转小于3级,20,晴,2012-09-29,西北风
30,3-4级,19,晴,2012-09-30,北风
30,3-4级,19,晴,2012-10-01,北风
31,小于3级,18,晴,2012-10-02,北风
31,小于3级,19,晴,2012-10-03,北风
31,小于3级,20,晴,2012-10-04,北风
31,小于3级,19,晴,2012-10-05,北风
31,小于3级,20,晴,2012-10-06,西北风
31,小于3级,22,晴,2012-10-07,北风
31,小于3级,22,晴,2012-10-08,西北风
31,小于3级,20,晴,2012-10-09,北风
30,小于3级,21,晴,2012-10-10,北风
30,小于3级,17,晴,2012-10-11,北风
31,小于3级,18,晴,2012-10-12,北风
30,小于3级,19,晴,2012-10-13,北风
30,小于3级,21,晴,2012-10-14,北风
31,小于3级,22,晴,2012-10-15,北风
28,小于3级转3-4级,21,多云转阴,2012-10-16,北风
28,3-4级转小于3级,18,多云转晴,2012-10-17,北风
28,3-4级转小于3级,18,多云转晴,2012-10-18,北风
29,小于3级,18,晴,2012-10-19,西风
29,小于3级,18,晴,2012-10-20,西北风
29,小于3级,19,晴,2012-10-21,北风
29,3-4级,19,多云,2012-10-22,北风
30,小于3级,19,晴,2012-10-23,西南风
30,小于3级,19,晴,2012-10-24,北风
30,小于3级,20,晴,2012-10-25,北风
28,小于3级,22,多云转阵雨,2012-10-26,北风
28,小于3级,22,阴转多云,2012-10-27,东北风
29,小于3级,21,多云,2012-10-28,北风
24,小于3级转3-4级,18,多云转大雨,2012-10-29,北风
22,3-4级,16,阴转多云,2012-10-30,北风
24,3-4级转小于3级,13,晴,2012-10-31,北风
25,小于3级,12,晴,2012-11-01,北风
26,小于3级,14,晴转多云,2012-11-02,北风
25,小于3级转3-4级,17,阴转多云,2012-11-03,北风
25,小于3级,16,多云转晴,2012-11-04,东北风
26,小于3级,15,多云转晴,2012-11-05,北风
26,小于3级,17,晴转多云,2012-11-06,北风
25,小于3级,18,多云,2012-11-07,东南风
26,小于3级,21,多云,2012-11-08,东风
27,小于3级转3-4级,22,多云转小雨,2012-11-09,南风
22,3-4级,16,小雨,2012-11-10,北风
23,3-4级转小于3级,15,多云,2012-11-11,北风
23,小于3级,16,多云,2012-11-12,北风
27,小于3级,15,晴,2012-11-13,北风
27,小于3级,18,多云,2012-11-14,南风
25,小于3级,19,多云转大雨,2012-11-15,北风
20,3-4级,15,大雨转阴,2012-11-16,北风
22,小于3级,14,多云,2012-11-17,北风
23,小于3级,16,多云,2012-11-18,北风
26,小于3级,19,多云,2012-11-19,北风
24,小于3级,19,小雨,2012-11-20,东风
26,小于3级,20,小雨,2012-11-21,东风
23,小于3级转3-4级,16,小雨转中雨,2012-11-22,东南风
22,小于3级,13,多云,2012-11-23,北风
21,小于3级,15,阴,2012-11-24,东北风
18,3-4级,13,中雨,2012-11-25,西北风
15,4-5级转3-4级,11,中雨转小雨,2012-11-26,北风
15,小于3级,11,小雨转中雨,2012-11-27,北风
16,小于3级,13,暴雨转中雨,2012-11-28,北风
18,小于3级,15,小雨,2012-11-29,东北风
19,小于3级,16,小雨,2012-11-30,北风
16,3-4级转小于3级,13,中雨转小雨,2012-12-01,北风
16,小于3级转3-4级,11,多云转小雨,2012-12-02,北风
16,小于3级,11,阴转小雨,2012-12-03,北风
16,小于3级,11,小雨,2012-12-04,北风
18,小于3级,9,多云,2012-12-05,北风
21,小于3级,12,多云转晴,2012-12-06,北风
22,小于3级,12,多云,2012-12-07,北风
21,小于3级转3-4级,13,多云,2012-12-08,北风
21,小于3级转3-4级,13,多云,2012-12-09,北风
18,小于3级,11,多云,2012-12-10,北风
18,小于3级,11,多云,2012-12-11,北风
21,小于3级,13,多云,2012-12-12,西北风
23,小于3级,16,多云,2012-12-13,北风
24,小于3级,16,多云,2012-12-14,北风
25,小于3级,19,多云转阴,2012-12-15,北风
22,3-4级,17,多云,2012-12-16,北风
18,3-4级,12,小雨,2012-12-17,北风
14,3-4级转小于3级,7,多云,2012-12-18,北风
17,小于3级,11,小雨,2012-12-19,东南风
22,小于3级,15,阴,2012-12-20,东南风
17,4-5级转3-4级,10,小雨,2012-12-21,北风
13,4-5级转3-4级,8,阴转多云,2012-12-22,北风
14,3-4级转小于3级,4,晴,2012-12-23,北风
18,小于3级,9,多云,2012-12-24,北风
19,小于3级,10,多云转阴,2012-12-25,北风
17,小于3级,13,小雨转中雨,2012-12-26,北风
18,小于3级,12,小雨转阴,2012-12-27,北风
18,小于3级转4-5级,8,多云转小雨,2012-12-28,北风
12,4-5级转3-4级,5,阴转多云,2012-12-29,北风
13,3-4级,3,晴,2012-12-30,北风
15,小于3级,4,晴,2012-12-31,北风
16,小于3级,7,多云,2013-01-01,北风
14,小于3级转3-4级,9,阴,2013-01-02,北风
11,3-4级,6,阴转多云,2013-01-03,北风
13,小于3级,6,多云,2013-01-04,北风
13,小于3级,5,阴,2013-01-05,北风
15,小于3级,7,阴转多云,2013-01-06,北风
15,小于3级,9,多云转阴,2013-01-07,北风
14,3-4级,9,阴,2013-01-08,北风
15,小于3级,7,多云,2013-01-09,北风
15,小于3级,9,阴,2013-01-10,北风
15,小于3级,10,多云转阴,2013-01-11,北风
20,小于3级,11,阴转晴,2013-01-12,北风
18,小于3级,8,晴,2013-01-13,北风
20,小于3级,8,晴,2013-01-14,北风
20,小于3级,10,晴,2013-01-15,北风
18,3-4级,12,多云,2013-01-16,北风
16,小于3级,8,晴,2013-01-17,东北风
18,小于3级,7,多云转晴,2013-01-18,西北风
21,小于3级,12,多云,2013-01-19,北风
21,小于3级,15,多云,2013-01-20,北风
21,小于3级,16,阴,2013-01-21,北风
25,小于3级,12,多云,2013-01-22,北风
23,小于3级,13,多云,2013-01-23,北风
21,小于3级,13,阴转多云,2013-01-24,东北风
21,小于3级,11,多云转阴,2013-01-25,北风
22,小于3级,12,多云转晴,2013-01-26,北风
23,小于3级,10,晴转多云,2013-01-27,北风
22,小于3级,10,多云转晴,2013-01-28,西北风
23,小于3级,12,晴转多云,2013-01-29,北风
23,小于3级,13,多云,2013-01-30,东北风
25,小于3级,15,多云,2013-01-31,南风
25,小于3级,15,多云转阴,2013-02-01,北风
23,小于3级,17,小雨,2013-02-02,南风
23,小于3级,18,阴转小雨,2013-02-03,北风
24,小于3级,18,小雨,2013-02-04,北风
25,小于3级,18,多云转阴,2013-02-05,北风
25,小于3级,19,阴,2013-02-06,东南风
21,3-4级转4-5级,10,小雨,2013-02-07,东南风
13,4-5级转3-4级,7,阴,2013-02-08,北风
17,小于3级,9,阴转多云,2013-02-09,北风
19,小于3级,12,多云,2013-02-10,北风
21,小于3级,15,阴,2013-02-11,北风
20,3-4级转小于3级,11,多云,2013-02-12,北风
22,小于3级,14,阴,2013-02-13,北风
21,小于3级,15,小雨转阴,2013-02-14,北风
23,小于3级,13,阴转多云,2013-02-15,北风
23,小于3级,14,多云,2013-02-16,北风
26,小于3级,17,阴转多云,2013-02-17,东南风
22,小于3级转3-4级,13,多云转阴,2013-02-18,北风
16,3-4级,12,阴,2013-02-19,北风
19,小于3级,12,多云,2013-02-20,北风
22,小于3级转3-4级,12,多云,2013-02-21,西北风
22,3-4级转小于3级,11,晴,2013-02-22,北风
23,小于3级,13,多云,2013-02-23,西北风
23,小于3级,17,多云,2013-02-24,北风
25,小于3级,19,阴,2013-02-25,南风
25,小于3级,19,阴,2013-02-26,南风
25,小于3级,19,阴,2013-02-27,北风
25,小于3级,20,阴转小雨,2013-02-28,东南风
19,3-4级,12,小雨,2013-03-01,东风
17,4-5级转3-4级,11,阴转多云,2013-03-02,北风
19,小于3级,8,多云转晴,2013-03-03,西北风
23,小于3级,10,晴转多云,2013-03-04,北风
25,小于3级,11,晴,2013-03-05,北风
27,小于3级,11,晴,2013-03-06,北风
28,小于3级,13,晴,2013-03-07,北风
28,小于3级,14,晴,2013-03-08,北风
27,小于3级,13,多云,2013-03-09,东南风
28,小于3级,15,晴,2013-03-10,北风
26,小于3级,16,晴转多云,2013-03-11,南风
25,小于3级,18,阴,2013-03-12,东南风
24,小于3级,16,小雨转阴,2013-03-13,西北风
25,小于3级,18,多云,2013-03-14,西风
25,小于3级,15,多云,2013-03-15,北风
26,小于3级,18,阴,2013-03-16,北风
25,小于3级,19,阴,2013-03-17,东南风
26,小于3级,20,阴转阵雨,2013-03-18,西北风
24,小于3级,21,阵雨转中雨,2013-03-19,南风
24,小于3级,19,阵雨转阴,2013-03-20,北风
26,小于3级,19,多云转阴,2013-03-21,东南风
27,小于3级,20,多云转雷阵雨,2013-03-22,东风
25,小于3级,20,雷阵雨,2013-03-23,南风
25,小于3级,19,多云转雷阵雨,2013-03-24,西北风
22,小于3级,18,中雨转暴雨,2013-03-25,东南风
22,小于3级,17,中雨转阴,2013-03-26,北风
24,小于3级,18,阴转中雨,2013-03-27,北风
24,小于3级,17,阵雨转多云,2013-03-28,西南风
22,小于3级,18,阴转雷阵雨,2013-03-29,北风
21,小于3级,17,暴雨转雷阵雨,2013-03-30,东北风
22,小于3级,18,阴转雷阵雨,2013-03-31,北风
22,小于3级,18,阵雨转中雨,2013-04-01,西北风
22,小于3级,20,大雨转中雨,2013-04-02,东北风
21,小于3级,18,中雨转暴雨,2013-04-03,东南风
23,小于3级,19,大雨转暴雨,2013-04-04,东风
21,3-4级,15,阵雨转多云,2013-04-05,西北风
21,3-4级转小于3级,14,多云,2013-04-06,北风
21,小于3级,15,多云,2013-04-07,北风
20,小于3级,16,中雨转大雨,2013-04-08,北风
20,3-4级,14,雷阵雨转阴,2013-04-09,北风
18,小于3级,14,阵雨,2013-04-10,北风
19,小于3级,13,阵雨转阴,2013-04-11,北风
23,小于3级,16,多云,2013-04-12,北风
24,小于3级,17,阴转多云,2013-04-13,北风
28,小于3级,17,多云,2013-04-14,北风
27,小于3级,18,多云转阴,2013-04-15,南风
24,小于3级,20,雷阵雨,2013-04-16,东风
28,小于3级,22,雷阵雨转阵雨,2013-04-17,东风
28,小于3级,23,雷阵雨,2013-04-18,东南风
27,小于3级,23,中雨转雷阵雨,2013-04-19,东南风
25,小于3级,19,阵雨转多云,2013-04-20,西南风
23,3-4级转小于3级,18,阴,2013-04-21,东南风
27,小于3级,19,阴转多云,2013-04-22,东南风
28,小于3级,21,阴转阵雨,2013-04-23,南风
26,小于3级,22,阵雨转雷阵雨,2013-04-24,东南风
23,小于3级,19,暴雨,2013-04-25,北风
24,小于3级,19,雷阵雨,2013-04-26,北风
27,小于3级,20,多云,2013-04-27,东南风
28,小于3级,22,阵雨,2013-04-28,东北风
29,小于3级,22,雷阵雨转暴雨,2013-04-29,北风
26,小于3级,20,阴转多云,2013-04-30,西南风
26,小于3级,20,多云转阴,2013-05-01,东南风
25,小于3级,19,阴,2013-05-02,东南风
26,小于3级,19,阵雨转阴,2013-05-03,东北风
26,小于3级,18,阴,2013-05-04,东风
29,小于3级,21,多云转阵雨,2013-05-05,东风
27,小于3级,22,多云转阵雨,2013-05-06,东北风
28,小于3级,23,阴转阵雨,2013-05-07,东南风
28,小于3级,23,阵雨,2013-05-08,东南风
28,小于3级,22,中雨转暴雨,2013-05-09,东北风
29,小于3级,21,雷阵雨,2013-05-10,南风
31,小于3级,23,多云,2013-05-11,北风
31,小于3级,23,多云,2013-05-12,东南风
30,小于3级,23,多云转阵雨,2013-05-13,东南风
30,小于3级,24,雷阵雨转大雨,2013-05-14,东南风
29,小于3级,25,大雨转暴雨,2013-05-15,南风
31,小于3级,24,雷阵雨转阴,2013-05-16,北风
30,小于3级,25,雷阵雨,2013-05-17,东风
32,小于3级,26,雷阵雨,2013-05-18,南风
30,小于3级,25,雷阵雨转暴雨,2013-05-19,北风
30,小于3级,25,暴雨,2013-05-20,东北风
31,小于3级,24,暴雨转雷阵雨,2013-05-21,东南风
31,小于3级,24,雷阵雨,2013-05-22,北风
32,小于3级,25,多云转阵雨,2013-05-23,东风
29,小于3级,25,多云转雷阵雨,2013-05-24,东南风
29,小于3级,24,雷阵雨,2013-05-25,南风
31,小于3级,24,暴雨转阵雨,2013-05-26,南风
32,小于3级,26,多云,2013-05-27,南风
34,小于3级,26,多云,2013-05-28,东南风
34,小于3级,26,多云,2013-05-29,北风
34,小于3级,25,多云转雷阵雨,2013-05-30,北风
34,小于3级,25,晴转多云,2013-05-31,南风
35,小于3级,26,晴,2013-06-01,南风
32,小于3级,25,雷阵雨,2013-06-02,北风
33,小于3级,25,雷阵雨,2013-06-03,西北风
34,小于3级,25,雷阵雨,2013-06-04,西北风
31,小于3级,25,雷阵雨,2013-06-05,东北风
32,小于3级,25,雷阵雨,2013-06-06,南风
33,小于3级,26,多云,2013-06-07,南风
33,小于3级,26,阵雨转雷阵雨,2013-06-08,东风
30,小于3级,24,中雨转暴雨,2013-06-09,北风
27,小于3级,22,大雨转阵雨,2013-06-10,北风
30,小于3级,21,多云,2013-06-11,北风
32,小于3级,23,多云,2013-06-12,东北风
28,小于3级,22,中雨转暴雨,2013-06-13,东北风
28,3-4级,23,大雨,2013-06-14,东北风
29,小于3级,25,中雨转阵雨,2013-06-15,东风
32,小于3级,25,阵雨,2013-06-16,西北风
33,小于3级,26,多云转阵雨,2013-06-17,北风
35,小于3级,25,多云,2013-06-18,南风
35,小于3级,25,晴,2013-06-19,东北风
35,小于3级,26,晴,2013-06-20,南风
34,小于3级转3-4级,26,多云转雷阵雨,2013-06-21,东风
31,小于3级,25,阵雨转中雨,2013-06-22,东北风
30,小于3级,25,中雨,2013-06-23,东南风
29,小于3级,25,大雨,2013-06-24,东风
33,小于3级,26,雷阵雨转阵雨,2013-06-25,南风
34,小于3级,27,多云,2013-06-26,南风
34,小于3级,27,晴,2013-06-27,南风
34,小于3级,27,多云,2013-06-28,南风
35,小于3级,27,晴,2013-06-29,南风
33,小于3级,26,多云转雷阵雨,2013-06-30,北风
32,3-4级转小于3级,25,中雨,2013-07-01,东风
33,小于3级,25,阵雨,2013-07-02,北风
34,小于3级,26,晴,2013-07-03,南风
34,小于3级,26,晴,2013-07-04,南风
34,小于3级,26,多云转阵雨,2013-07-05,北风
33,小于3级,25,阵雨转雷阵雨,2013-07-06,东南风
32,小于3级,25,多云转雷阵雨,2013-07-07,东南风
33,小于3级,25,多云,2013-07-08,东南风
34,小于3级,26,晴,2013-07-09,东风
33,小于3级,24,晴,2013-07-10,南风
35,小于3级,25,晴,2013-07-11,西北风
35,小于3级,25,晴转阵雨,2013-07-12,东北风
33,小于3级,26,阵雨转雷阵雨,2013-07-13,西南风
32,小于3级,26,阵雨转雷阵雨,2013-07-14,西南风
31,小于3级,24,中雨,2013-07-15,东风
30,小于3级,24,中雨转大雨,2013-07-16,东风
32,小于3级,24,阵雨转中雨,2013-07-17,东北风
33,小于3级,25,雷阵雨转中雨,2013-07-18,北风
31,小于3级,25,阵雨转大雨,2013-07-19,东风
31,小于3级,24,中雨,2013-07-20,东风
32,小于3级,25,雷阵雨,2013-07-21,北风
33,小于3级,25,多云转雷阵雨,2013-07-22,西北风
32,小于3级,25,阵雨转雷阵雨,2013-07-23,西北风
30,小于3级,24,中雨转暴雨,2013-07-24,东风
30,小于3级,24,中雨转大雨,2013-07-25,东风
30,小于3级,24,大雨转中雨,2013-07-26,东南风
31,小于3级,25,中雨转阵雨,2013-07-27,东南风
33,小于3级,25,阵雨转多云,2013-07-28,东风
34,小于3级,25,晴,2013-07-29,北风
34,小于3级,25,晴,2013-07-30,北风
33,小于3级,25,多云转雷阵雨,2013-07-31,北风
31,小于3级,24,雷阵雨转大雨,2013-08-01,北风
30,3-4级转小于3级,24,大雨,2013-08-02,东风
32,小于3级,25,阵雨转多云,2013-08-03,东风
34,小于3级,25,晴,2013-08-04,南风
34,小于3级,25,晴,2013-08-05,东北风
33,小于3级,25,晴转多云,2013-08-06,南风
34,小于3级,25,晴,2013-08-07,东风
34,小于3级,25,多云转晴,2013-08-08,北风
34,小于3级,25,晴,2013-08-09,北风
34,小于3级,25,晴,2013-08-10,东风
34,小于3级,25,晴,2013-08-11,北风
33,小于3级,25,晴转雷阵雨,2013-08-12,北风
29,3-4级转5-6级,24,暴雨,2013-08-13,东北风
28,4-5级转3-4级,24,暴雨,2013-08-14,东风
28,3-4级转小于3级,25,暴雨,2013-08-15,东南风
27,小于3级,25,暴雨,2013-08-16,南风
30,小于3级,25,暴雨,2013-08-17,东南风
32,小于3级,25,大雨转阵雨,2013-08-18,北风
33,小于3级,25,多云,2013-08-19,北风
34,小于3级,25,多云,2013-08-20,北风
31,小于3级,25,多云转大雨,2013-08-21,北风
29,小于3级,25,暴雨,2013-08-22,西北风
30,小于3级,25,暴雨转大雨,2013-08-23,东南风
32,小于3级,25,雷阵雨,2013-08-24,东南风
34,小于3级,25,多云,2013-08-25,北风
34,小于3级,25,晴,2013-08-26,北风
35,小于3级,24,晴,2013-08-27,南风
35,小于3级,25,晴,2013-08-28,南风
33,小于3级,26,晴转雷阵雨,2013-08-29,北风
30,小于3级,24,大雨,2013-08-30,东北风
31,小于3级,24,阵雨转雷阵雨,2013-08-31,北风
32,小于3级,24,多云,2013-09-01,北风
31,小于3级,24,阴转雷阵雨,2013-09-02,东风
29,小于3级,24,阵雨转大雨,2013-09-03,东风
29,小于3级,24,大雨转雷阵雨,2013-09-04,东风
31,小于3级,24,多云,2013-09-05,东风
33,小于3级,24,晴,2013-09-06,北风
33,小于3级,24,晴,2013-09-07,北风
33,小于3级,24,晴,2013-09-08,北风
34,小于3级,25,晴,2013-09-09,南风
34,小于3级,25,多云,2013-09-10,东北风
33,小于3级,24,多云,2013-09-11,北风
32,小于3级,24,多云转雷阵雨,2013-09-12,东北风
33,小于3级,24,阴转雷阵雨,2013-09-13,北风
33,小于3级,24,多云,2013-09-14,北风
33,小于3级,24,多云转雷阵雨,2013-09-15,东南风
33,小于3级,23,晴,2013-09-16,西风
33,小于3级,23,晴,2013-09-17,北风
33,小于3级,22,晴,2013-09-18,北风
34,小于3级,24,晴,2013-09-19,西北风
34,小于3级,25,晴,2013-09-20,西北风
30,小于3级转5-6级,25,多云转大雨,2013-09-21,北风
27,6-7级,24,暴雨,2013-09-22,西北风
31,3-4级转小于3级,25,阵雨,2013-09-23,东南风
30,小于3级转3-4级,25,阴转阵雨,2013-09-24,北风
29,3-4级,21,多云,2013-09-25,北风
28,小于3级,21,多云,2013-09-26,北风
31,小于3级,21,多云,2013-09-27,西北风
30,小于3级,22,多云,2013-09-28,北风
27,小于3级,22,阵雨,2013-09-29,北风
27,小于3级,22,小雨转阴,2013-09-30,北风
31,小于3级,22,晴,2013-10-01,北风
31,小于3级,21,晴,2013-10-02,北风
30,小于3级,18,晴,2013-10-03,北风
30,小于3级,18,晴,2013-10-04,北风
30,小于3级,18,晴,2013-10-05,北风
31,小于3级,20,晴,2013-10-06,北风
29,3-4级转小于3级,21,晴转多云,2013-10-07,北风
28,小于3级,22,多云转阵雨,2013-10-08,北风
31,小于3级,22,多云,2013-10-09,北风
31,小于3级,21,晴,2013-10-10,北风
32,小于3级,23,晴,2013-10-11,西北风
33,小于3级,23,晴,2013-10-12,北风
33,小于3级,23,晴,2013-10-13,西北风
31,小于3级,22,晴~多云,2013-10-14,北风
25,3-4级,19,多云,2013-10-15,西北风
27,3-4级,19,多云转晴,2013-10-16,北风
28,小于3级,18,多云,2013-10-17,北风
28,小于3级,18,多云,2013-10-18,西北风
28,小于3级,18,晴,2013-10-19,北风
28,小于3级,18,晴,2013-10-20,北风
28,小于3级,18,晴,2013-10-21,北风
28,小于3级,17,晴,2013-10-22,北风
28,小于3级,17,晴,2013-10-23,北风
27,小于3级,17,晴,2013-10-24,北风
28,小于3级,14,晴,2013-10-25,西北风
26,小于3级,13,晴,2013-10-26,北风
27,小于3级,14,晴,2013-10-27,北风
27,小于3级,17,晴,2013-10-28,北风
28,小于3级,18,多云,2013-10-29,西北风
29,小于3级,19,晴,2013-10-30,西北风
30,小于3级,19,晴,2013-10-31,北风
29,小于3级,20,多云,2013-11-01,北风
27,3-4级转4-5级,22,多云转阵雨,2013-11-02,东北风
27,3-4级,21,多云,2013-11-03,东北风
27,小于3级,20,多云,2013-11-04,北风
27,小于3级,19,多云,2013-11-05,北风
29,小于3级,20,多云转晴,2013-11-06,北风
29,小于3级,19,晴,2013-11-07,东北风
30,小于3级,21,晴,2013-11-08,北风
27,小于3级,23,多云转小雨,2013-11-09,北风
26,小于3级转3-4级,22,小雨转阴,2013-11-10,北风
27,小于3级,20,阴转中雨,2013-11-11,东南风
20,3-4级,17,阵雨转阴,2013-11-12,北风
22,小于3级,15,阴转多云,2013-11-13,北风
23,小于3级,15,阴转多云,2013-11-14,北风
24,小于3级,14,晴,2013-11-15,西北风
24,小于3级,13,晴,2013-11-16,北风
22,3-4级转小于3级,14,多云转晴,2013-11-17,北风
23,小于3级,13,多云,2013-11-18,北风
20,小于3级,14,阴,2013-11-19,北风
23,小于3级,14,阴,2013-11-20,北风
24,小于3级,14,多云,2013-11-21,北风
25,小于3级,17,多云,2013-11-22,北风
24,小于3级,17,多云转小雨,2013-11-23,北风
21,3-4级转小于3级,13,多云转晴,2013-11-24,北风
21,小于3级,10,晴,2013-11-25,西北风
17,小于3级转3-4级,12,多云转小雨,2013-11-26,北风
16,3-4级,10,阵雨转多云,2013-11-27,北风
19,3-4级,8,晴,2013-11-28,北风
19,小于3级,5,晴,2013-11-29,北风
20,小于3级,8,晴,2013-11-30,西北风
22,小于3级,8,晴,2013-12-01,西北风
23,小于3级,8,晴,2013-12-02,北风
23,小于3级,8,晴,2013-12-03,北风
22,小于3级,8,晴,2013-12-04,北风
23,小于3级,9,晴,2013-12-05,北风
23,小于3级,9,晴,2013-12-06,西北风
23,小于3级,10,晴,2013-12-07,北风
24,小于3级,13,霾,2013-12-08,北风
21,小于3级,12,晴,2013-12-09,北风
19,小于3级,12,多云,2013-12-10,西北风
19,小于3级,13,多云,2013-12-11,北风
16,小于3级,12,阴转小雨,2013-12-12,西北风
16,小于3级,11,小雨,2013-12-13,北风
13,小于3级,11,大雨转暴雨,2013-12-14,北风
13,小于3级,11,大到暴雨,2013-12-15,北风
11,3-4级,8,大雨转中到大雨,2013-12-16,东北风
15,小于3级,6,多云,2013-12-17,北风
15,小于3级,6,晴,2013-12-18,北风
15,小于3级,5,晴,2013-12-19,西风
15,小于3级,5,晴,2013-12-20,北风
16,小于3级,6,晴,2013-12-21,北风
15,小于3级,5,晴,2013-12-22,北风
17,小于3级,5,晴,2013-12-23,北风
17,小于3级,7,晴,2013-12-24,北风
17,小于3级,7,晴,2013-12-25,北风
14,3-4级,6,晴,2013-12-26,北风
15,小于3级,5,晴,2013-12-27,北风
15,小于3级,4,晴,2013-12-28,西北风
15,小于3级,4,晴,2013-12-29,北风
16,小于3级,4,晴,2013-12-30,北风
20,小于3级,5,晴,2013-12-31,西北风
21,小于3级,6,晴转多云,2014-01-01,北风
23,小于3级,12,多云,2014-01-02,北风
20,小于3级,12,霾,2014-01-03,北风
20,小于3级,8,霾,2014-01-04,西北风
21,小于3级,10,霾,2014-01-05,北风
20,小于3级,10,多云,2014-01-06,北风
18,小于3级,13,小雨,2014-01-07,西北风
14,3-4级,10,阴,2014-01-08,北风
17,小于3级,9,多云,2014-01-09,北风
21,小于3级,11,多云,2014-01-10,北风
21,小于3级,12,多云,2014-01-11,西风
21,小于3级转3-4级,10,多云转阴,2014-01-12,北风
15,小于3级,7,多云,2014-01-13,北风
18,小于3级,5,晴,2014-01-14,北风
19,小于3级,4,晴,2014-01-15,北风
20,小于3级,5,晴,2014-01-16,北风
21,小于3级,8,霾,2014-01-17,西北风
21,小于3级,5,晴,2014-01-18,西北风
22,小于3级,5,晴,2014-01-19,北风
21,小于3级,6,晴,2014-01-20,北风
18,3-4级,5,晴,2014-01-21,北风
19,小于3级,0,晴,2014-01-22,北风
20,小于3级,5,晴,2014-01-23,西北风
22,小于3级,12,多云,2014-01-24,北风
22,小于3级,15,阴,2014-01-25,北风
23,小于3级,15,阴,2014-01-26,北风
23,小于3级,11,多云转晴,2014-01-27,北风
24,小于3级,10,晴,2014-01-28,北风
25,小于3级,11,晴,2014-01-29,北风
26,小于3级,11,晴,2014-01-30,北风
25,小于3级,12,晴,2014-01-31,西北风
25,小于3级,14,多云,2014-02-01,北风
25,小于3级,14,多云,2014-02-02,北风
26,小于3级,13,晴转多云,2014-02-03,北风
22,小于3级,14,多云转阴,2014-02-04,南风
24,小于3级,15,多云,2014-02-05,南风
23,小于3级,16,多云转阴,2014-02-06,东风
16,3-4级,10,小雨,2014-02-07,北风
11,3-4级,7,中雨,2014-02-08,北风
11,3-4级,7,小到中雨转小雨,2014-02-09,北风
9,3-4级,5,阴,2014-02-10,北风
10,3-4级,4,阴,2014-02-11,北风
7,3-4级,4,小雨,2014-02-12,北风
12,3-4级,4,阴,2014-02-13,北风
13,小于3级,6,多云转阴,2014-02-14,东北风
15,小于3级,8,阴转小雨,2014-02-15,北风
15,小于3级,9,小雨转阴,2014-02-16,西北风
21,小于3级,14,多云,2014-02-17,北风
9,3-4级,5,小雨转阴,2014-02-18,北风
15,小于3级,3,晴,2014-02-19,北风
18,小于3级,2,晴,2014-02-20,北风
19,小于3级,10,多云,2014-02-21,北风
19,小于3级,10,多云,2014-02-22,北风
22,小于3级,13,多云,2014-02-23,西北风
24,小于3级,14,多云,2014-02-24,东南风
22,小于3级,16,小雨转阴,2014-02-25,北风
25,小于3级,16,阴,2014-02-26,西北风
25,小于3级,16,多云,2014-02-27,南风
25,小于3级,17,阴,2014-02-28,东南风
20,3-4级,15,小雨,2014-03-01,南风
18,3-4级,14,小雨,2014-03-02,北风
18,小于3级,14,小雨,2014-03-03,西北风
19,小于3级,14,小雨转阴,2014-03-04,北风
17,小于3级,14,小雨,2014-03-05,北风
16,小于3级,13,小雨,2014-03-06,东北风
15,3-4级,12,小雨转阴,2014-03-07,北风
15,3-4级转小于3级,10,阴,2014-03-08,北风
16,小于3级,13,阴,2014-03-09,北风
17,小于3级,13,小雨转阴,2014-03-10,东北风
20,小于3级转3-4级,15,小雨转小到中雨,2014-03-11,东风
21,小于3级,13,阴,2014-03-12,北风
17,小于3级,13,小雨转阴,2014-03-13,北风
18,小于3级,13,阴,2014-03-14,东北风
19,小于3级,14,阴转多云,2014-03-15,东南风
23,小于3级,17,霾,2014-03-16,东北风
26,小于3级,19,霾,2014-03-17,西南风
27,小于3级,18,多云,2014-03-18,西南风
25,小于3级转3-4级,13,雷阵雨,2014-03-19,北风
18,3-4级转小于3级,13,阴转多云,2014-03-20,北风
21,小于3级,13,多云,2014-03-21,东北风
23,小于3级,14,多云,2014-03-22,东风
25,小于3级,14,晴转多云,2014-03-23,东北风
27,小于3级,16,多云,2014-03-24,南风
28,小于3级,17,多云,2014-03-25,南风
28,小于3级,17,多云,2014-03-26,北风
26,小于3级,19,多云转雷阵雨,2014-03-27,南风
26,小于3级,21,雷阵雨,2014-03-28,南风
23,小于3级,20,大到暴雨,2014-03-29,东风
22,小于3级,19,暴雨转中到大雨,2014-03-30,东南风
23,小于3级,19,雷阵雨转小雨,2014-03-31,北风
21,小于3级转3-4级,18,大雨转大到暴雨,2014-04-01,东风
22,小于3级,18,雷阵雨转阴,2014-04-02,东南风
27,小于3级,17,多云,2014-04-03,北风
26,小于3级,17,多云,2014-04-04,东北风
21,小于3级,18,中雨转大雨,2014-04-05,西北风
24,小于3级,19,阵雨,2014-04-06,东北风
24,小于3级,19,阵雨,2014-04-07,北风
27,小于3级,20,阴,2014-04-08,东南风
28,小于3级,20,多云,2014-04-09,南风
29,小于3级,21,多云,2014-04-10,南风
30,小于3级,22,多云,2014-04-11,西南风
30,小于3级,22,多云,2014-04-12,南风
28,小于3级,23,多云,2014-04-13,北风
27,小于3级,21,阴转多云,2014-04-14,东南风
28,小于3级,20,多云,2014-04-15,东北风
28,小于3级,21,阴转多云,2014-04-16,西北风
31,小于3级,21,多云,2014-04-17,北风
29,小于3级,20,多云,2014-04-18,南风
29,小于3级,22,多云,2014-04-19,西北风
29,小于3级,23,多云,2014-04-20,东南风
28,小于3级,23,多云转阵雨,2014-04-21,西风
27,小于3级,22,阵雨转阴,2014-04-22,北风
27,小于3级,21,小雨转阴,2014-04-23,东风
26,小于3级,22,阴,2014-04-24,东南风
28,小于3级,22,阴,2014-04-25,东南风
26,小于3级,20,阵雨转阴,2014-04-26,北风
28,小于3级,20,多云,2014-04-27,西北风
28,小于3级,20,多云,2014-04-28,东北风
22,小于3级,18,中雨转大雨,2014-04-29,北风
22,小于3级,18,阵雨,2014-04-30,北风
26,小于3级,19,多云,2014-05-01,北风
29,小于3级,22,多云转阴,2014-05-02,东风
26,小于3级转3-4级,19,中到大雨,2014-05-03,东风
23,小于3级,18,阵雨转阴,2014-05-04,北风
23,小于3级,18,阵雨,2014-05-05,北风
22,小于3级,19,中到大雨,2014-05-06,东风
23,小于3级,20,大雨转大到暴雨,2014-05-07,东北风
23,小于3级,20,暴雨,2014-05-08,东风
26,小于3级,21,雷阵雨转中到大雨,2014-05-09,南风
25,小于3级,21,大到暴雨转大雨,2014-05-10,东南风
27,小于3级,22,多云转阵雨,2014-05-11,西北风
29,小于3级,24,雷阵雨,2014-05-12,南风
31,小于3级,26,雷阵雨,2014-05-13,南风
32,小于3级,25,雷阵雨转多云,2014-05-14,东南风
31,小于3级,26,多云,2014-05-15,东北风
31,小于3级,25,雷阵雨,2014-05-16,东北风
31,小于3级,24,雷阵雨,2014-05-17,南风
30,小于3级,23,雷阵雨,2014-05-18,北风
31,小于3级,24,雷阵雨,2014-05-19,西风
29,小于3级,24,大雨,2014-05-20,东风
30,小于3级,26,大雨转中雨,2014-05-21,南风
29,小于3级,24,雷阵雨,2014-05-22,东风
31,小于3级,24,雷阵雨转多云,2014-05-23,东北风
33,小于3级,25,多云,2014-05-24,南风
34,小于3级,25,雷阵雨,2014-05-25,西风
33,小于3级,25,雷阵雨,2014-05-26,西北风
34,小于3级,25,多云,2014-05-27,西北风
34,小于3级,25,多云,2014-05-28,西南风
34,小于3级,25,多云,2014-05-29,北风
33,小于3级,25,雷阵雨转多云,2014-05-30,南风
35,小于3级,26,多云,2014-05-31,西南风
34,小于3级,26,多云转雷阵雨,2014-06-01,南风
33,小于3级,25,多云转雷阵雨,2014-06-02,东南风
33,小于3级,25,雷阵雨转多云,2014-06-03,东南风
33,小于3级,25,雷阵雨,2014-06-04,东南风
31,小于3级,23,雷阵雨转大雨,2014-06-05,北风
31,小于3级,23,雷阵雨转大雨,2014-06-06,西南风
31,小于3级,23,雷阵雨转大雨,2014-06-07,西南风
32,小于3级,24,雷阵雨,2014-06-08,东风
32,小于3级,24,雷阵雨,2014-06-09,东风
30,小于3级,25,雷阵雨,2014-06-10,西北风
34,小于3级,25,多云转晴,2014-06-11,北风
35,小于3级,25,晴,2014-06-12,西北风
35,小于3级,25,晴,2014-06-13,北风
34,小于3级,26,多云,2014-06-14,北风
34,小于3级,27,多云转雷阵雨,2014-06-15,东南风
34,小于3级,27,多云转雷阵雨,2014-06-16,东南风
33,小于3级,26,雷阵雨,2014-06-17,西北风
33,小于3级,26,雷阵雨,2014-06-18,南风
31,小于3级,26,雷阵雨转大雨,2014-06-19,东南风
31,小于3级,24,大雨,2014-06-20,东风
31,小于3级,25,大雨转中雨,2014-06-21,南风
32,小于3级,25,雷阵雨,2014-06-22,南风
32,小于3级,25,雷阵雨,2014-06-23,东南风
32,小于3级,26,雷阵雨转多云,2014-06-24,东北风
33,小于3级,26,多云转晴,2014-06-25,西南风
35,小于3级,26,多云,2014-06-26,南风
35,小于3级,26,多云,2014-06-27,南风
35,小于3级,26,多云,2014-06-28,东风
34,小于3级,26,多云转晴,2014-06-29,东风
34,小于3级,26,雷阵雨转多云,2014-06-30,北风
33,小于3级,25,多云,2014-07-01,东北风
34,小于3级,26,多云,2014-07-02,南风
34,小于3级,26,多云,2014-07-03,西南风
35,小于3级,26,多云,2014-07-04,南风
36,小于3级,26,晴转多云,2014-07-05,东北风
36,小于3级,26,多云,2014-07-06,东风
34,小于3级,26,雷阵雨,2014-07-07,北风
34,小于3级,26,雷阵雨,2014-07-08,北风
35,小于3级,26,多云,2014-07-09,南风
35,小于3级,26,雷阵雨,2014-07-10,北风
33,小于3级,26,雷阵雨,2014-07-11,北风
34,小于3级,26,多云转雷阵雨,2014-07-12,北风
34,小于3级,26,晴,2014-07-13,北风
35,小于3级,26,晴,2014-07-14,南风
35,小于3级,25,晴,2014-07-15,东风
32,小于3级,26,多云转雷阵雨,2014-07-16,北风
30,3-4级转小于3级,25,中到大雨,2014-07-17,东南风
31,3-4级,25,大雨,2014-07-18,东风
33,小于3级,25,雷阵雨转多云,2014-07-19,东南风
34,小于3级,26,多云,2014-07-20,西北风
35,小于3级,26,晴,2014-07-21,西风
36,小于3级,26,晴转多云,2014-07-22,北风
34,小于3级,26,雷阵雨,2014-07-23,南风
33,小于3级,26,雷阵雨,2014-07-24,东风
33,小于3级,25,雷阵雨,2014-07-25,东北风
33,小于3级,25,雷阵雨,2014-07-26,东风
34,小于3级,24,多云,2014-07-27,西北风
35,小于3级,25,多云转晴,2014-07-28,北风
35,小于3级,25,晴,2014-07-29,西南风
36,小于3级,26,晴,2014-07-30,西北风
36,小于3级,26,晴,2014-07-31,北风
35,小于3级,26,雷阵雨,2014-08-01,南风
35,小于3级,25,雷阵雨,2014-08-02,东风
35,小于3级,25,雷阵雨转多云,2014-08-03,北风
34,小于3级,26,雷阵雨,2014-08-04,东北风
34,小于3级,26,多云转雷阵雨,2014-08-05,南风
34,小于3级,26,雷阵雨,2014-08-06,东南风
33,小于3级,26,雷阵雨,2014-08-07,西风
33,小于3级,25,雷阵雨,2014-08-08,西南风
33,小于3级,25,雷阵雨,2014-08-09,东南风
33,小于3级,26,雷阵雨,2014-08-10,南风
33,小于3级,26,雷阵雨,2014-08-11,南风
30,小于3级,24,大雨,2014-08-12,东南风
31,小于3级,24,中到大雨转雷阵雨,2014-08-13,东北风
33,小于3级,25,多云,2014-08-14,西南风
34,小于3级,25,多云,2014-08-15,西南风
34,小于3级,25,多云,2014-08-16,西南风
34,小于3级,25,多云,2014-08-17,北风
32,小于3级,24,大雨转大到暴雨,2014-08-18,南风
30,小于3级,24,暴雨转大雨,2014-08-19,西北风
31,小于3级,25,雷阵雨转多云,2014-08-20,东南风
33,小于3级,25,雷阵雨转多云,2014-08-21,西北风
33,小于3级,25,多云,2014-08-22,北风
35,小于3级,25,多云,2014-08-23,南风
35,小于3级,25,晴,2014-08-24,北风
35,小于3级,25,晴转多云,2014-08-25,东风
33,小于3级,25,多云转雷阵雨,2014-08-26,北风
33,小于3级,25,多云,2014-08-27,东风
34,小于3级,25,多云,2014-08-28,北风
34,小于3级,25,晴,2014-08-29,北风
34,小于3级,25,晴,2014-08-30,西北风
33,小于3级,25,多云,2014-08-31,东南风
34,小于3级,24,晴,2014-09-01,北风
34,小于3级,25,晴,2014-09-02,西风
33,小于3级,25,多云转雷阵雨,2014-09-03,北风
32,小于3级,24,雷阵雨转多云,2014-09-04,南风
33,小于3级,24,雷阵雨转多云,2014-09-05,北风
34,小于3级,25,多云,2014-09-06,东风
33,小于3级,25,雷阵雨,2014-09-07,北风
34,小于3级,25,多云,2014-09-08,西北风
34,小于3级,25,多云,2014-09-09,南风
34,小于3级,25,多云,2014-09-10,东风
33,小于3级,25,多云转雷阵雨,2014-09-11,北风
33,小于3级,25,雷阵雨转多云,2014-09-12,东北风
34,小于3级,25,阵雨转多云,2014-09-13,北风
35,3-4级,25,多云转大雨,2014-09-14,北风
30,4-5级,25,大雨,2014-09-15,东风
31,3-4级转小于3级,25,中雨转阵雨,2014-09-16,东风
33,小于3级,25,多云,2014-09-17,西北风
35,小于3级,24,多云,2014-09-18,西北风
30,3-4级,23,晴,2014-09-19,北风
30,3-4级,23,晴,2014-09-20,北风
31,小于3级,23,多云,2014-09-21,北风
31,小于3级,23,多云,2014-09-22,北风
33,小于3级,23,晴,2014-09-23,北风
33,小于3级,23,晴,2014-09-24,北风
33,小于3级,24,晴,2014-09-25,西北风
33,小于3级,24,晴,2014-09-26,北风
33,小于3级,23,晴,2014-09-27,北风
34,小于3级,24,晴,2014-09-28,西北风
32,小于3级,24,多云,2014-09-29,北风
32,小于3级,24,多云,2014-09-30,北风
33,小于3级,23,多云,2014-10-01,北风
33,小于3级,23,多云,2014-10-02,西北风
33,小于3级,23,多云,2014-10-03,北风
31,小于3级,22,多云,2014-10-04,北风
30,小于3级,18,晴,2014-10-05,东北风
31,小于3级,18,晴,2014-10-06,北风
30,小于3级,18,晴,2014-10-07,东北风
30,小于3级,18,晴,2014-10-08,西北风
30,小于3级,21,晴,2014-10-09,北风
30,小于3级,21,晴,2014-10-10,北风
29,3-4级,19,晴,2014-10-11,北风
29,3-4级,19,晴,2014-10-12,北风
30,小于3级,17,晴,2014-10-13,北风
30,小于3级,17,晴,2014-10-14,北风
30,小于3级,18,晴,2014-10-15,北风
30,小于3级,18,晴,2014-10-16,北风
30,小于3级,19,晴,2014-10-17,北风
30,小于3级,19,晴,2014-10-18,北风
30,小于3级,20,多云,2014-10-19,北风
30,小于3级,20,多云,2014-10-20,北风
29,小于3级,21,多云,2014-10-21,北风
27,小于3级,20,多云,2014-10-22,西北风
27,小于3级,20,多云,2014-10-23,西北风
30,小于3级,21,阴转多云,2014-10-24,西北风
30,小于3级,21,阴转多云,2014-10-25,北风
30,小于3级,22,多云,2014-10-26,北风
30,小于3级,20,多云,2014-10-27,西北风
30,小于3级,21,多云,2014-10-28,东北风
31,小于3级,20,晴,2014-10-29,东风
31,小于3级,20,晴,2014-10-30,北风
31,小于3级,20,晴,2014-10-31,北风
24,3-4级转小于3级,18,阴转多云,2014-11-01,北风
25,小于3级,17,多云,2014-11-02,东南风
25,小于3级,17,多云,2014-11-03,北风
24,小于3级,20,小雨转阴,2014-11-04,北风
24,小于3级,20,小雨转阴,2014-11-05,北风
23,小于3级,19,阴转小雨,2014-11-06,北风
19,小于3级,16,中雨,2014-11-07,北风
19,小于3级,16,中雨,2014-11-08,北风
22,小于3级,18,阴转多云,2014-11-09,北风
20,小于3级,17,小雨,2014-11-10,北风
20,小于3级,17,小雨,2014-11-11,北风
23,小于3级,16,多云,2014-11-12,北风
23,小于3级,16,多云,2014-11-13,北风
25,小于3级,17,多云,2014-11-14,西北风
25,小于3级,17,多云,2014-11-15,西北风
22,小于3级,14,晴,2014-11-16,北风
22,小于3级,14,晴,2014-11-17,北风
24,小于3级,14,晴,2014-11-18,西北风
24,小于3级,14,晴,2014-11-19,西北风
26,小于3级,15,晴,2014-11-20,北风
26,小于3级,15,晴,2014-11-21,西北风
28,小于3级,17,晴,2014-11-22,西北风
28,小于3级,17,晴,2014-11-23,西北风
26,小于3级,16,多云,2014-11-24,北风
26,小于3级,16,多云,2014-11-25,北风
27,小于3级,20,多云,2014-11-26,东风
27,小于3级,20,多云,2014-11-27,东南风
26,小于3级,21,多云,2014-11-28,东北风
28,小于3级,22,小雨,2014-11-29,东南风
16,4-5级转3-4级,12,小雨,2014-11-30,北风
14,3-4级转小于3级,11,阴转小雨,2014-12-01,北风
15,小于3级转3-4级,9,中雨转中到大雨,2014-12-02,北风
13,3-4级,10,中雨转小雨,2014-12-03,北风
17,小于3级,8,多云,2014-12-04,北风
19,小于3级,9,多云,2014-12-05,西北风
17,小于3级,11,小雨,2014-12-06,北风
18,小于3级,11,小雨转多云,2014-12-07,北风
20,小于3级,14,多云,2014-12-08,北风
19,小于3级,14,多云转小雨,2014-12-09,西北风
18,3-4级,10,阴转多云,2014-12-10,北风
15,3-4级,10,多云,2014-12-11,北风
17,小于3级,7,晴,2014-12-12,北风
19,小于3级,6,晴,2014-12-13,北风
21,小于3级,8,多云,2014-12-14,北风
17,3-4级转4-5级,10,多云,2014-12-15,北风
15,4-5级转3-4级,6,晴,2014-12-16,北风
17,小于3级,5,晴,2014-12-17,西北风
14,小于3级,9,小雨,2014-12-18,北风
18,小于3级,7,多云转晴,2014-12-19,西北风
17,小于3级转3-4级,5,晴,2014-12-20,北风
16,3-4级转小于3级,5,晴,2014-12-21,北风
17,小于3级,8,多云,2014-12-22,北风
20,小于3级,11,阴,2014-12-23,北风
17,小于3级,13,多云转小雨,2014-12-24,西北风
17,小于3级,13,小雨,2014-12-25,东北风
18,小于3级,12,小雨,2014-12-26,西北风
16,小于3级,9,小雨转多云,2014-12-27,北风
18,小于3级,7,晴,2014-12-28,北风
19,小于3级,4,晴,2014-12-29,北风
22,小于3级,6,晴,2014-12-30,北风
18,3-4级,8,晴,2014-12-31,西北风
20,小于3级,6,晴,2015-01-01,北风
21,小于3级,7,晴,2015-01-02,北风
23,小于3级,8,晴转多云,2015-01-03,西北风
23,小于3级,14,多云转阴,2015-01-04,南风
24,小于3级,17,阴转小雨,2015-01-05,东北风
20,3-4级,14,小雨,2015-01-06,北风
18,3-4级转小于3级,10,多云,2015-01-07,北风
19,小于3级,6,晴,2015-01-08,西北风
18,小于3级,10,多云,2015-01-09,北风
18,小于3级,11,多云,2015-01-10,北风
14,小于3级,9,小雨转中雨,2015-01-11,北风
16,小于3级,9,中雨转小雨,2015-01-12,西北风
19,小于3级,7,多云转晴,2015-01-13,东北风
19,小于3级,6,晴,2015-01-14,北风
20,小于3级,5,晴,2015-01-15,西北风
19,小于3级,8,晴,2015-01-16,西北风
21,小于3级,8,晴,2015-01-17,北风
20,小于3级,8,晴,2015-01-18,北风
20,小于3级,7,晴转多云,2015-01-19,北风
23,小于3级,10,多云,2015-01-20,北风
21,小于3级,9,霾,2015-01-21,西北风
22,小于3级,7,晴,2015-01-22,北风
20,小于3级,10,多云转小雨,2015-01-23,北风
23,小于3级,14,多云,2015-01-24,东风
25,小于3级,15,多云,2015-01-25,北风
24,小于3级,14,多云,2015-01-26,西北风
21,小于3级,14,多云,2015-01-27,东南风
21,小于3级,13,多云,2015-01-28,东南风
18,小于3级,12,阴,2015-01-29,北风
17,小于3级,8,多云,2015-01-30,北风
18,小于3级,9,多云,2015-01-31,北风
19,小于3级,10,多云,2015-02-01,东北风
21,小于3级,11,多云,2015-02-02,北风
19,小于3级,12,多云,2015-02-03,西北风
14,3-4级,9,阴,2015-02-04,北风
17,小于3级,7,多云,2015-02-05,北风
16,小于3级,8,多云,2015-02-06,西风
18,小于3级,10,多云,2015-02-07,北风
19,小于3级,7,晴,2015-02-08,西北风
19,小于3级,7,晴,2015-02-09,西北风
20,小于3级,9,多云,2015-02-10,北风
20,小于3级,9,多云,2015-02-11,北风
20,小于3级,9,多云,2015-02-12,北风
23,小于3级,12,多云转小雨,2015-02-13,北风
23,小于3级,16,小雨转阴,2015-02-14,北风
24,小于3级,15,多云,2015-02-15,北风
23,小于3级,15,多云,2015-02-16,西北风
23,小于3级,14,多云,2015-02-17,北风
22,小于3级,15,多云,2015-02-18,北风
22,小于3级,16,阴转小雨,2015-02-19,东南风
22,小于3级,17,小雨,2015-02-20,东风
22,小于3级,17,小雨,2015-02-21,西北风
23,小于3级,18,中雨,2015-02-22,东南风
23,小于3级,19,中雨,2015-02-23,东南风
26,小于3级,18,阴,2015-02-24,暂无实况
26,小于3级,19,阴,2015-02-25,东南风
25,小于3级,20,阴,2015-02-26,东北风
25,小于3级,19,阴,2015-02-27,东南风
21,3-4级,13,小雨转阴,2015-02-28,北风
20,小于3级,13,多云,2015-03-01,北风
20,小于3级,14,阴转小雨,2015-03-02,东风
16,3-4级转小于3级,12,小雨,2015-03-03,北风
18,小于3级,12,小雨,2015-03-04,北风
17,小于3级,14,小雨,2015-03-05,北风
18,小于3级,11,阴,2015-03-06,北风
21,小于3级,14,阴转多云,2015-03-07,西北风
21,小于3级,16,阴,2015-03-08,北风
20,小于3级,15,阴转小雨,2015-03-09,北风
16,小于3级,13,阴转小雨,2015-03-10,东北风
15,小于3级,12,小雨,2015-03-11,北风
21,小于3级,13,多云,2015-03-12,北风
22,小于3级,15,多云,2015-03-13,东风
25,小于3级,18,阴,2015-03-14,东风
25,小于3级,20,阴,2015-03-15,东北风
26,小于3级,20,阴,2015-03-16,东风
26,小于3级,21,阴,2015-03-17,南风
27,小于3级,21,阴转多云,2015-03-18,东风
28,小于3级,21,多云,2015-03-19,南风
27,小于3级,20,多云,2015-03-20,西北风
25,小于3级,20,阴,2015-03-21,北风
25,小于3级,19,阴转雷阵雨,2015-03-22,北风
21,小于3级,17,阴,2015-03-23,北风
24,小于3级,17,阴,2015-03-24,北风
24,小于3级,17,阴,2015-03-25,东北风
23,小于3级,16,阴,2015-03-26,西风
26,小于3级,18,多云,2015-03-27,西北风
27,小于3级,18,多云,2015-03-28,西北风
26,小于3级,18,多云转阴,2015-03-29,南风
27,小于3级,21,多云,2015-03-30,东南风
29,小于3级,22,多云,2015-03-31,南风
28,小于3级,22,阴,2015-04-01,东南风
29,小于3级,23,多云,2015-04-02,东南风
29,小于3级,24,阴,2015-04-03,东南风
30,小于3级,24,多云,2015-04-04,南风
31,小于3级,21,多云,2015-04-05,北风
27,小于3级转3-4级,21,阴,2015-04-06,北风
21,3-4级,16,阵雨,2015-04-07,东北风
17,小于3级,12,小雨转阴,2015-04-08,北风
17,小于3级,14,小雨,2015-04-09,北风
15,小于3级,12,小到中雨转中到大雨,2015-04-10,北风
23,小于3级,14,多云,2015-04-11,北风
25,小于3级,13,多云转晴,2015-04-12,北风
27,小于3级,13,晴,2015-04-13,西北风
28,小于3级,11,晴,2015-04-14,北风
29,小于3级,14,晴,2015-04-15,北风
29,小于3级,15,晴转多云,2015-04-16,西北风
29,小于3级,20,多云,2015-04-17,东风
29,小于3级,23,多云,2015-04-18,东南风
26,小于3级,21,阵雨转中到大雨,2015-04-19,西北风
24,小于3级,18,阵雨转阴,2015-04-20,北风
27,小于3级,17,多云,2015-04-21,北风
27,小于3级,19,多云,2015-04-22,北风
27,小于3级,20,多云,2015-04-23,北风
28,小于3级,21,阴转阵雨,2015-04-24,西北风
29,小于3级,21,阴转多云,2015-04-25,南风
29,小于3级,21,多云,2015-04-26,北风
29,小于3级,21,多云,2015-04-27,东南风
29,小于3级,23,阴转雷阵雨,2015-04-28,东南风
29,小于3级,22,阵雨转雷阵雨,2015-04-29,西北风
31,小于3级,23,阴转多云,2015-04-30,南风
30,小于3级,23,雷阵雨,2015-05-01,东南风
31,小于3级,25,阴,2015-05-02,东南风
31,小于3级,24,多云转雷阵雨,2015-05-03,东南风
31,小于3级,24,雷阵雨,2015-05-04,西南风
30,小于3级,24,雷阵雨,2015-05-05,东北风
29,小于3级,24,雷阵雨,2015-05-06,东风
29,小于3级,24,雷阵雨,2015-05-07,东风
31,小于3级,24,雷雨,2015-05-08,东风
31,小于3级,24,雷雨,2015-05-09,东风
28,小于3级,23,雷雨~大雨,2015-05-10,东风
29,小于3级,20,大雨~小雨,2015-05-11,东风
29,小于3级,20,多云,2015-05-12,西北风
30,小于3级,23,多云~阴,2015-05-13,东南风
30,小于3级,24,雷雨~阴,2015-05-14,东南风
32,小于3级,25,雷雨,2015-05-15,东南风
28,小于3级,23,大雨,2015-05-16,东北风
26,小于3级,23,大雨~雷雨,2015-05-17,东南风
29,小于3级,24,中雨~雷雨,2015-05-18,东南风
32,小于3级,26,雷雨,2015-05-19,东南风
29,小于3级,23,大到暴雨,2015-05-20,西北风
28,小于3级,23,大雨~中雨,2015-05-21,东南风
32,小于3级,26,雷阵雨,2015-05-22,东北风
26,小于3级,22,大雨~,2015-05-23,微风
27,小于3级,23,小雨,2015-05-24,微风
31,小于3级,25,阵雨,2015-05-25,东北风
32,小于3级,26,雷雨,2015-05-26,东北风
32,小于3级,25,雷雨~,2015-05-27,东南风
33,小于3级,26,多云,2015-05-28,东南风
34,小于3级,27,多云,2015-05-29,东南风
33,小于3级,25,雷雨,2015-05-30,东北风
31,小于3级,26,雷雨,2015-05-31,西北风
32,小于3级,26,雷雨,2015-06-01,东南风
34,小于3级,27,阵雨~多云,2015-06-02,东南风
35,小于3级,27,多云,2015-06-03,东南风
35,小于3级,25,雷雨~中到大雨,2015-06-04,东北风
32,小于3级,25,阴~雷雨,2015-06-05,东南风
33,小于3级,26,雷雨~多云,2015-06-06,西北风
34,小于3级,26,雷雨,2015-06-07,东南风
34,小于3级,27,雷雨~多云,2015-06-08,东南风
34,小于3级,26,雷雨,2015-06-09,东北风
33,小于3级,27,雷雨,2015-06-10,东北风
34,小于3级,27,雷雨,2015-06-11,西北风
34,小于3级,26,雷雨~多云,2015-06-12,无持续风向
34,小于3级,25,雷雨~多云,2015-06-13,西北风
35,小于3级,27,雷雨~多云,2015-06-14,东南风
35,小于3级,24,多云,2015-06-15,东北风
35,小于3级,26,晴,2015-06-16,西北风
35,小于3级,27,晴,2015-06-17,西南风
35,小于3级,27,晴,2015-06-18,东南风
35,小于3级,27,晴,2015-06-19,东南风
35,小于3级,28,晴~多云,2015-06-20,东北风
35,小于3级,27,雷雨~多云,2015-06-21,东北风
33,小于3级,25,雷雨~中到大雨,2015-06-22,东南风
30,小于3级,25,大雨,2015-06-23,东北风
31,小于3级,26,中到大雨~雷雨,2015-06-24,东南风
33,小于3级,26,雷雨,2015-06-25,东南风
34,小于3级,27,雷雨~多云,2015-06-26,东南风
35,小于3级,27,晴,2015-06-27,东南风
35,小于3级,28,晴,2015-06-28,东南风
35,小于3级,28,晴,2015-06-29,东南风
36,小于3级,28,晴,2015-06-30,东南风
36,小于3级,28,晴,2015-07-01,东南风
36,小于3级,28,晴~多云,2015-07-02,东南风
36,小于3级,28,多云,2015-07-03,东南风
36,小于3级,27,雷雨,2015-07-04,东南风
32,小于3级,25,雷雨,2015-07-05,西北风
32,小于3级,26,阵雨~阴,2015-07-06,西北风
32,小于3级,26,多云,2015-07-07,西北风
32,小于3级,25,多云~阴,2015-07-08,东北风
30,小于3级,25,中到大雨~阵雨,2015-07-09,东北风
32,小于3级,25,多云,2015-07-10,东北风
34,小于3级,26,晴,2015-07-11,西北风
35,小于3级,27,晴,2015-07-12,西北风
36,小于3级,27,晴,2015-07-13,东北风
36,小于3级,28,晴~多云,2015-07-14,东南风
36,小于3级,28,多云,2015-07-15,东南风
35,小于3级,26,多云~中到大雨,2015-07-16,西北风
32,小于3级,26,雷阵雨,2015-07-17,微风
33,小于3级,26,雷阵雨,2015-07-18,东南风
34,小于3级,25,雷阵雨,2015-07-19,西北风
33,小于3级,25,大雨,2015-07-20,西北风
29,小于3级,25,大雨~中雨,2015-07-21,东南风
32,小于3级,26,阴,2015-07-22,西北风
32,小于3级,25,雷阵雨~大雨,2015-07-23,东南风
29,小于3级,25,大雨,2015-07-24,东南风
32,小于3级,25,雷阵雨,2015-07-25,东南风
32,小于3级,26,雷阵雨,2015-07-26,东南风
32,小于3级,26,雷阵雨~多云,2015-07-27,微风
33,小于3级,25,雷阵雨,2015-07-28,微风
32,小于3级,25,雷阵雨~多云,2015-07-29,东南风
31,小于3级,25,雷阵雨~多云,2015-07-30,东北风
33,小于3级,25,雷阵雨~多云,2015-07-31,东南风
34,小于3级,25,多云~晴,2015-08-01,东北风
34,小于3级,26,晴,2015-08-02,西北风
35,小于3级,26,晴,2015-08-03,东北风
35,小于3级,26,晴,2015-08-04,西北风
35,小于3级,26,晴,2015-08-05,微风
35,小于3级,27,晴,2015-08-06,西北风
36,小于3级,27,晴,2015-08-07,西北风
36,小于3级,28,晴~多云,2015-08-08,东北风
36,小于3级,26,雷阵雨,2015-08-09,微风
32,小于3级,25,雷阵雨,2015-08-10,西北风
31,小于3级,26,雷阵雨~阴,2015-08-11,东北风
33,小于3级,26,雷阵雨,2015-08-12,东南风
33,小于3级,26,雷阵雨,2015-08-13,西北风
31,小于3级,26,雷阵雨,2015-08-14,东南风
31,小于3级,25,雷阵雨,2015-08-15,东北风
32,小于3级,25,雷阵雨~多云,2015-08-16,微风
34,小于3级,27,多云~晴,2015-08-17,西北风
35,小于3级,27,晴,2015-08-18,东南风
36,小于3级,28,晴~多云,2015-08-19,西北风
35,小于3级,28,雷阵雨~多云,2015-08-20,西北风
35,小于3级,27,晴,2015-08-21,西北风
35,小于3级,27,晴,2015-08-22,西北风
35,小于3级,27,晴,2015-08-23,东北风
35,小于3级,27,晴,2015-08-24,西北风
35,小于3级,25,晴,2015-08-25,西北风
35,小于3级,26,晴~多云,2015-08-26,西北风
34,小于3级,26,雷阵雨,2015-08-27,西北风
33,小于3级,26,雷阵雨,2015-08-28,西北风
31,小于3级,25,雷阵雨,2015-08-29,东北风
30,小于3级,24,大雨~雷阵雨,2015-08-30,微风
30,小于3级,25,大雨~雷阵雨,2015-08-31,东北风
30,小于3级,25,大到暴雨~雷阵雨,2015-09-01,东北风
30,小于3级,25,雷阵雨~多云,2015-09-02,东南风
31,小于3级,25,雷阵雨~多云,2015-09-03,东北风
33,小于3级,25,晴,2015-09-04,西北风
34,小于3级,26,晴~多云,2015-09-05,西南风
35,小于3级,26,晴~雷阵雨,2015-09-06,西北风
29,小于3级,26,中到大雨~雷阵雨,2015-09-07,西南风
32,小于3级,25,雷阵雨~多云,2015-09-08,西北风
33,小于3级,25,多云,2015-09-09,西北风
32,小于3级,26,晴,2015-09-10,东南风
32,小于3级,26,多云,2015-09-11,东南风
32,小于3级,24,多云,2015-09-12,东北风
30,小于3级,24,多云,2015-09-13,东北风
31,小于3级,23,多云,2015-09-14,西北风
32,小于3级,25,多云,2015-09-15,西北风
32,小于3级,25,多云,2015-09-16,西北风
33,小于3级,25,晴,2015-09-17,西北风
33,小于3级,26,晴~多云,2015-09-18,东南风
33,小于3级,25,雷阵雨,2015-09-19,东南风
30,小于3级,24,中雨~中到大雨,2015-09-20,西北风
29,小于3级,23,中雨~阵雨,2015-09-21,西北风
31,小于3级,24,多云,2015-09-22,东北风
33,小于3级,26,多云~晴,2015-09-23,西南风
34,小于3级,26,晴,2015-09-24,东北风
34,小于3级,26,晴~多云,2015-09-25,西北风
32,小于3级,26,多云,2015-09-26,西北风
34,小于3级,25,晴,2015-09-27,东北风
33,小于3级,25,晴~多云,2015-09-28,东北风
33,小于3级,25,多云,2015-09-29,西北风
32,小于3级,26,多云,2015-09-30,东北风
32,小于3级,24,多云~晴,2015-10-01,东北风
31,小于3级,25,晴,2015-10-02,西北风
31,小于3级,24,多云~阵雨,2015-10-03,东北风
27,小于3级,24,大到暴雨~小到中雨,2015-10-04,东北风
28,小于3级,24,中雨~阵雨,2015-10-05,东南风
28,小于3级,24,阵雨~中雨,2015-10-06,东北风
28,小于3级,24,中雨~阵雨,2015-10-07,西北风
30,小于3级,24,阴,2015-10-08,西北风
29,小于3级,21,晴,2015-10-09,东北风
27,小于3级,19,多云~小到中雨,2015-10-10,东北风
21,小于3级,18,小雨,2015-10-11,西北风
25,小于3级,17,多云,2015-10-12,西北风
27,小于3级,19,多云~晴,2015-10-13,西北风
30,小于3级,19,晴,2015-10-14,西北风
30,小于3级,20,霾,2015-10-15,西北风
31,小于3级,20,晴,2015-10-16,西北风
31,小于3级,19,晴,2015-10-17,西北风
31,小于3级,19,晴,2015-10-18,西北风
31,小于3级,20,晴,2015-10-19,西北风
29,小于3级,21,多云,2015-10-20,西北风
30,小于3级,21,多云,2015-10-21,西北风
31,小于3级,22,多云,2015-10-22,西北风
31,小于3级,22,晴,2015-10-23,西北风
31,小于3级,22,晴~多云,2015-10-24,西北风
29,小于3级,24,多云,2015-10-25,西北风
31,小于3级,23,多云,2015-10-26,西北风
29,小于3级,22,小雨~多云,2015-10-27,西北风
30,小于3级,23,多云,2015-10-28,东南风
31,小于3级,24,多云~晴,2015-10-29,西北风
30,小于3级,20,多云~小雨,2015-10-30,东北风
25,小于3级,18,小雨~多云,2015-10-31,西北风
22,小于3级,16,多云,2015-11-01,西北风
24,小于3级,17,多云,2015-11-02,西北风
26,小于3级,19,多云,2015-11-03,西北风
28,小于3级,20,多云,2015-11-04,西北风
30,小于3级,22,多云,2015-11-05,东南风
29,小于3级,23,多云,2015-11-06,西北风
29,小于3级,24,多云,2015-11-07,微风
30,小于3级,23,多云,2015-11-08,西北风
28,小于3级,20,小雨~阴,2015-11-09,东北风
25,小于3级,20,阴,2015-11-10,微风
25,小于3级,21,阴,2015-11-11,西北风
25,小于3级,19,阴~小到中雨,2015-11-12,西北风
19,小于3级,17,中到大雨,2015-11-13,东北风
23,小于3级,18,阴~多云,2015-11-14,西北风
27,小于3级,22,阴~小到中雨,2015-11-15,东南风
27,小于3级,22,小雨~阴,2015-11-16,东南风
29,小于3级,21,多云,2015-11-17,西北风
30,小于3级,21,多云,2015-11-18,西北风
29,小于3级,22,多云,2015-11-19,西北风
29,小于3级,21,多云~阴,2015-11-20,西北风
27,小于3级,21,小雨~多云,2015-11-21,西北风
28,小于3级,20,多云,2015-11-22,西北风
29,小于3级,20,多云~阴,2015-11-23,东北风
28,小于3级,16,晴~多云,2015-11-24,西北风
21,小于3级,13,多云,2015-11-25,西北风
20,小于3级,10,晴,2015-11-26,东北风
20,小于3级,12,晴~多云,2015-11-27,西北风
21,小于3级,14,阴~多云,2015-11-28,西北风
22,小于3级,15,多云,2015-11-29,西北风
23,小于3级,16,多云,2015-11-30,西北风
23,小于3级,18,多云,2015-12-01,西北风
26,小于3级,14,小雨,2015-12-02,东北风
17,小于3级,13,小雨~阴,2015-12-03,西北风
17,小于3级,13,小雨~阴,2015-12-04,西北风
16,小于3级,12,中到大雨~中雨,2015-12-05,东北风
17,小于3级,11,多云,2015-12-06,西北风
18,小于3级,11,多云,2015-12-07,西北风
17,小于3级,12,多云~小到中雨,2015-12-08,西北风
15,小于3级,12,大雨~中雨,2015-12-09,西北风
19,小于3级,12,多云,2015-12-10,西北风
20,小于3级,14,多云,2015-12-11,东北风
19,小于3级,15,多云,2015-12-12,东南风
21,小于3级,15,小雨,2015-12-13,西北风
17,小于3级,12,小雨~阴,2015-12-14,西北风
18,小于3级,10,多云,2015-12-15,东北风
17,小于3级,7,多云,2015-12-16,东北风
15,小于3级,6,晴,2015-12-17,无持续风向
16,小于3级,7,晴,2015-12-18,西北风
19,小于3级,10,晴~多云,2015-12-19,西北风
19,小于3级,14,多云~小雨,2015-12-20,西北风
19,小于3级,16,小雨~阴,2015-12-21,西北风
20,小于3级,17,阴,2015-12-22,东北风
24,小于3级,18,霾,2015-12-23,微风
25,小于3级,13,小雨,2015-12-24,西北风
16,小于3级,12,多云,2015-12-25,东北风
16,小于3级,12,小雨,2015-12-26,西北风
16,小于3级,11,小雨~阴,2015-12-27,东北风
18,小于3级,11,多云,2015-12-28,东北风
17,小于3级,11,阴~小雨,2015-12-29,西北风
16,小于3级,11,小雨~阴,2015-12-30,东北风
18,小于3级,11,多云,2015-12-31,西北风
21,小于3级,12,晴~多云,2016-01-01,西北风
22,小于3级,15,多云~阴,2016-01-02,西北风
24,小于3级,18,阴,2016-01-03,东北风
24,小于3级,18,小雨,2016-01-04,东南风
22,小于3级,16,中到大雨~小雨,2016-01-05,东北风
24,小于3级,12,晴~多云,2016-01-06,东北风
20,小于3级,13,多云,2016-01-07,西北风
21,小于3级,14,多云,2016-01-08,西北风
19,小于3级,14,多云~阴,2016-01-09,东南风
19,小于3级,13,小到中雨~中到大雨,2016-01-10,东北风
17,小于3级,11,多云,2016-01-11,西北风
17,小于3级,12,阴,2016-01-12,东北风
18,小于3级,10,多云,2016-01-13,西北风
17,小于3级,12,阴~小到中雨,2016-01-14,东北风
14,小于3级,12,中雨~小到中雨,2016-01-15,东北风
15,小于3级,12,小雨~中雨,2016-01-16,东北风
16,小于3级,9,小雨~多云,2016-01-17,西北风
19,小于3级,10,晴~多云,2016-01-18,西北风
17,小于3级,12,多云~小雨,2016-01-19,西北风
15,小于3级,12,小雨,2016-01-20,西北风
14,小于3级,10,小到中雨,2016-01-21,西北风
9,小于3级,4,小到中雨~小雨,2016-01-22,东北风
6,小于3级,2,阴,2016-01-23,东北风
6,小于3级,0,小雨~多云,2016-01-24,东北风
9,小于3级,2,多云,2016-01-25,西北风
11,小于3级,9,小雨~中到大雨,2016-01-26,西北风
10,小于3级,6,中到大雨,2016-01-27,西北风
14,小于3级,10,大到暴雨,2016-01-28,东北风
18,小于3级,11,小雨~阴,2016-01-29,西北风
18,小于3级,11,多云~阴,2016-01-30,东北风
15,小于3级,8,小雨~中到大雨,2016-01-31,东北风
9,小于3级,7,中雨~小雨,2016-02-01,西北风
10,小于3级,6,小雨~阴,2016-02-02,东北风
13,小于3级,7,阴,2016-02-03,西北风
15,小于3级,8,阴~多云,2016-02-04,东北风
16,小于3级,7,多云~晴,2016-02-05,东北风
16,小于3级,6,晴,2016-02-06,西北风
17,小于3级,5,晴,2016-02-07,西北风
20,小于3级,6,晴~多云,2016-02-08,西北风
22,小于3级,7,晴~多云,2016-02-09,西北风
21,小于3级,15,小雨,2016-02-10,东北风
22,小于3级,17,小雨,2016-02-11,东南风
24,小于3级,20,小雨,2016-02-12,东南风
27,小于3级,17,阴~小雨,2016-02-13,东南风
19,小于3级,8,阴,2016-02-14,东北风
12,小于3级,9,阴,2016-02-15,东北风
14,小于3级,8,阴~多云,2016-02-16,西北风
15,小于3级,11,阴,2016-02-17,西北风
16,小于3级,12,多云~阴,2016-02-18,东北风
15,小于3级,11,小雨~阴,2016-02-19,东北风
20,小于3级,10,多云,2016-02-20,西北风
18,小于3级,14,阴~小雨,2016-02-21,东南风
16,小于3级,11,小雨,2016-02-22,西北风
14,小于3级,10,小雨,2016-02-23,东北风
13,小于3级,10,阴,2016-02-24,东北风
14,小于3级,11,阴,2016-02-25,西北风
14,小于3级,11,阴~多云,2016-02-26,东北风
19,小于3级,9,晴,2016-02-27,西北风
21,小于3级,10,晴,2016-02-28,西北风
23,小于3级,9,晴,2016-02-29,西北风
25,小于3级,11,晴,2016-03-01,西南风
24,小于3级,12,晴,2016-03-02,西北风
24,小于3级,13,晴~多云,2016-03-03,西北风
24,小于3级,16,多云,2016-03-04,西北风
24,小于3级,18,多云,2016-03-05,西北风
25,小于3级,18,多云,2016-03-06,东北风
27,小于3级,18,多云,2016-03-07,东南风
25,小于3级,19,多云,2016-03-08,东南风
21,小于3级,10,大雨,2016-03-09,无持续风向
11,小于3级,8,大雨~小雨,2016-03-10,西北风
11,小于3级,7,阴,2016-03-11,东北风
14,小于3级,9,阴,2016-03-12,西北风
14,小于3级,11,中雨~小雨,2016-03-13,西北风
18,小于3级,12,多云~阴,2016-03-14,东南风
17,小于3级,14,阴,2016-03-15,东北风
17,小于3级,13,小雨,2016-03-16,东北风
17,小于3级,14,小雨,2016-03-17,东北风
21,小于3级,18,小到中雨~小雨,2016-03-18,东南风
25,小于3级,20,小雨~中雨,2016-03-19,微风
23,小于3级,19,中到大雨~大雨,2016-03-20,东南风
21,小于3级,18,大到暴雨~暴雨,2016-03-21,东北风
20,小于3级,18,大雨,2016-03-22,西南风
20,小于3级,14,大到暴雨~大雨,2016-03-23,东北风
16,小于3级,12,中雨~小雨,2016-03-24,东北风
18,小于3级,9,阴~多云,2016-03-25,东北风
21,小于3级,10,晴,2016-03-26,西北风
23,小于3级,10,晴,2016-03-27,西北风
23,小于3级,11,晴~多云,2016-03-28,西北风
23,小于3级,16,多云,2016-03-29,西北风
23,小于3级,18,阴,2016-03-30,东北风
25,小于3级,19,多云,2016-03-31,东北风
27,小于3级,20,阴~多云,2016-04-01,东南风
27,小于3级,20,阴,2016-04-02,东南风
26,小于3级,20,雷阵雨~中到大雨,2016-04-03,东南风
24,小于3级,20,中到大雨~阵雨,2016-04-04,西南风
27,小于3级,21,阴,2016-04-05,西南风
27,小于3级,22,阴,2016-04-06,东南风
28,小于3级,21,雷阵雨,2016-04-07,东南风
28,小于3级,23,多云,2016-04-08,东南风
29,小于3级,22,阵雨~多云,2016-04-09,西北风
25,小于3级,21,中雨~阵雨,2016-04-10,东北风
25,小于3级,21,阴,2016-04-11,东南风
25,小于3级,20,中到大雨,2016-04-12,东南风
25,小于3级,20,阵雨,2016-04-13,东南风
27,小于3级,23,阵雨~多云,2016-04-14,东南风
27,小于3级,22,小雨,2016-04-15,东南风
26,小于3级,23,雷阵雨,2016-04-16,东南风
27,小于3级,19,大雨~大到暴雨,2016-04-17,无持续风向
25,小于3级,19,阵雨~多云,2016-04-18,西北风
26,小于3级,21,多云,2016-04-19,东南风
26,小于3级,21,中雨~大雨,2016-04-20,西北风
26,小于3级,21,中到大雨,2016-04-21,东南风
26,小于3级,22,中到大雨,2016-04-22,东南风
26,小于3级,21,大到暴雨,2016-04-23,东北风
26,小于3级,21,大雨,2016-04-24,东北风
29,小于3级,23,雷阵雨,2016-04-25,东南风
28,小于3级,23,大雨~雷阵雨,2016-04-26,微风
30,小于3级,22,多云,2016-04-27,无持续风向
31,小于3级,22,多云,2016-04-28,西北风
29,小于3级,22,多云,2016-04-29,东北风
27,小于3级,22,雷阵雨~多云,2016-04-30,东北风
28,小于3级,21,多云,2016-05-01,东南风
29,小于3级,23,多云~雷阵雨,2016-05-02,东南风
30,小于3级,24,多云,2016-05-03,东南风
30,小于3级,23,多云,2016-05-04,东南风
31,小于3级,24,雷阵雨,2016-05-05,东南风
31,小于3级,25,雷阵雨,2016-05-06,西北风
31,小于3级,25,多云,2016-05-07,东南风
32,小于3级,25,多云,2016-05-08,东南风
32,小于3级,24,雷阵雨~大到暴雨,2016-05-09,东南风
29,小于3级,23,雷阵雨~阵雨,2016-05-10,西北风
31,小于3级,21,晴,2016-05-11,西北风
32,小于3级,23,多云,2016-05-12,微风
31,小于3级,24,多云,2016-05-13,西北风
31,小于3级,25,多云,2016-05-14,东北风
30,小于3级,20,中到大雨~阴,2016-05-15,西北风
27,小于3级,19,多云,2016-05-16,西北风
28,小于3级,20,多云,2016-05-17,东南风
28,小于3级,23,多云,2016-05-18,西南风
29,小于3级,24,多云,2016-05-19,东南风
27,小于3级,22,暴雨,2016-05-20,东南风
27,小于3级,23,阵雨~多云,2016-05-21,东北风
31,小于3级,23,晴,2016-05-22,西北风
31,小于3级,24,晴~多云,2016-05-23,东北风
32,小于3级,24,多云,2016-05-24,东南风
33,小于3级,26,多云,2016-05-25,东南风
33,小于3级,25,多云~雷阵雨,2016-05-26,东北风
31,小于3级,25,大雨~雷阵雨,2016-05-27,东南风
30,小于3级,25,中雨,2016-05-28,东北风
32,小于3级,26,雷阵雨,2016-05-29,西北风
33,小于3级,26,多云,2016-05-30,东南风
35,小于3级,27,多云,2016-05-31,东南风
35,小于3级,27,晴,2016-06-01,东南风
35,小于3级,27,晴,2016-06-02,东南风
35,小于3级,27,雷阵雨,2016-06-03,东北风
35,小于3级,24,雷阵雨~大雨,2016-06-04,西北风
29,小于3级,24,大到暴雨~中到大雨,2016-06-05,西北风
30,小于3级,24,雷阵雨~多云,2016-06-06,东北风
32,小于3级,25,多云~雷阵雨,2016-06-07,微风
31,小于3级,24,雷阵雨,2016-06-08,微风
31,小于3级,25,雷阵雨,2016-06-09,西北风
32,小于3级,25,雷阵雨,2016-06-10,东北风
31,小于3级,26,大雨,2016-06-11,东北风
31,小于3级,25,大雨~中到大雨,2016-06-12,西北风
31,小于3级,25,中到大雨~雷阵雨,2016-06-13,西北风
33,小于3级,25,大雨~大到暴雨,2016-06-14,西北风
33,小于3级,25,大到暴雨,2016-06-15,东北风
31,小于3级,25,中到大雨~雷阵雨,2016-06-16,西南风
32,小于3级,26,雷阵雨~多云,2016-06-17,东北风
34,小于3级,26,多云~晴,2016-06-18,东南风
35,小于3级,26,晴~多云,2016-06-19,西南风
33,小于3级,26,晴,2016-06-20,东南风
35,小于3级,27,晴,2016-06-21,东南风
36,小于3级,26,多云,2016-06-22,东南风
35,小于3级,27,晴,2016-06-23,东南风
35,小于3级,27,晴~雷阵雨,2016-06-24,无持续风向
35,小于3级,27,多云,2016-06-25,东北风
35,小于3级,28,晴~多云,2016-06-26,东南风
36,小于3级,27,晴~多云,2016-06-27,西北风
33,小于3级,26,雷阵雨,2016-06-28,西北风
32,小于3级,26,雷阵雨,2016-06-29,东北风
31,小于3级,26,中雨~中到大雨,2016-06-30,东南风
32,小于3级,26,中雨~雷阵雨,2016-07-01,东南风
32,小于3级,26,中雨,2016-07-02,东南风
33,小于3级,26,中雨~中到大雨,2016-07-03,东南风
32,小于3级,26,雷阵雨,2016-07-12,西南风
31,小于3级,26,雷阵雨,2016-07-13,北风
33,小于3级,26,雷阵雨,2016-07-14,东南风
34,小于3级,26,雷阵雨转多云,2016-07-15,东北风
35,小于3级,27,晴,2016-07-16,东风
35,小于3级,27,晴,2016-07-17,东风
35,小于3级,27,晴转多云,2016-07-18,南风
35,小于3级,27,多云,2016-07-19,东南风
35,小于3级,27,多云,2016-07-20,东南风
36,小于3级,27,晴,2016-07-21,南风
36,小于3级,27,晴,2016-07-22,东风
36,小于3级,27,晴,2016-07-23,东南风
36,小于3级,27,晴,2016-07-24,西南风
37,小于3级,28,晴,2016-07-25,南风
36,小于3级,26,多云,2016-07-26,东南风
34,小于3级,27,雷阵雨,2016-07-27,东南风
35,小于3级,27,多云,2016-07-28,西风
36,小于3级,27,晴,2016-07-29,南风
37,小于3级,28,晴,2016-07-30,西北风
37,小于3级,27,雷阵雨,2016-07-31,南风
35,微风,25,雷阵雨,2016-08-01,微风
29,1级,25,大暴雨,2016-08-02,微风
31,1级,25,雷阵雨,2016-08-03,东风
32,2级,26,多云,2016-08-04,东南风
34,1级,26,多云,2016-08-05,北风
35,1级,27,晴,2016-08-06,东北风
36,1级,27,晴,2016-08-07,东风
35,1级,27,雷阵雨,2016-08-08,东北风
34,2级,25,雷阵雨,2016-08-09,北风
31,1级,26,中到大雨,2016-08-10,北风
32,1级,26,雷阵雨,2016-08-11,西南风
30,1级,26,大雨,2016-08-12,东北风
32,1级,25,雷阵雨,2016-08-13,东北风
32,1级,26,中雨,2016-08-14,南风
31,微风,25,大雨,2016-08-15,南风
31,1级,25,大雨,2016-08-16,东风
31,2级,25,雷阵雨,2016-08-17,东南风
30,2级,25,大雨,2016-08-18,东风
32,1级,26,雷阵雨,2016-08-19,东南风
34,微风,26,多云,2016-08-20,西南风
35,2级,27,雷阵雨,2016-08-21,南风
35,2级,27,多云,2016-08-22,东南风
35,微风,27,多云,2016-08-23,西风
36,1级,28,多云,2016-08-24,东北风
36,1级,27,多云,2016-08-25,东北风
35,1级,25,雷阵雨,2016-08-26,北风
32,2级,24,雷阵雨,2016-08-27,东北风
33,2级,26,多云,2016-08-28,东北风
33,2级,26,晴,2016-08-29,东北风
32,1级,25,多云,2016-08-30,西南风
33,1级,25,雷阵雨,2016-08-31,东风
32,1级,25,中到大雨,2016-09-01,北风
31,1级,25,中到大雨,2016-09-02,东南风
31,1级,25,中雨,2016-09-03,东南风
31,1级,26,雷阵雨,2016-09-04,东风
32,2级,26,雷阵雨,2016-09-05,东风
33,1级,26,雷阵雨,2016-09-06,东北风
31,1级,25,中雨,2016-09-07,西风
32,1级,26,雷阵雨,2016-09-08,东北风
32,1级,26,雷阵雨,2016-09-09,东风
30,1级,25,大雨,2016-09-10,东北风
30,1级,25,小到中雨,2016-09-11,南风
33,1级,24,多云,2016-09-12,北风
35,1级,26,多云,2016-09-13,东北风
35,1级,26,多云,2016-09-14,东北风
34,1级,25,晴,2016-09-15,北风
34,2级,25,晴,2016-09-16,东北风
34,1级,25,晴,2016-09-17,东北风
33,2级,25,晴,2016-09-18,北风
32,2级,23,晴,2016-09-19,北风
31,1级,24,多云,2016-09-20,东风
31,1级,24,多云,2016-09-21,北风
32,1级,24,晴,2016-09-22,西南风
32,1级,25,晴,2016-09-23,南风
32,1级,25,多云,2016-09-24,东南风
33,1级,26,多云,2016-09-25,西北风
34,1级,26,多云,2016-09-26,东北风
35,1级,27,多云,2016-09-27,南风
34,2级,28,多云,2016-09-28,南风
28,1级,21,阵雨,2016-09-29,东风
26,1级,20,阵雨,2016-09-30,北风
28,1级,20,阵雨,2016-10-01,东风
31,1级,23,多云,2016-10-02,西风
33,微风,24,多云,2016-10-03,南风
32,1级,24,多云,2016-10-04,东风
33,1级,23,多云,2016-10-05,北风
32,1级,25,多云,2016-10-06,东北风
31,1级,25,多云,2016-10-07,北风
31,2级,24,雷阵雨,2016-10-08,东北风
30,2级,22,多云,2016-10-09,东北风
30,2级,22,多云,2016-10-10,北风
28,2级,21,小雨,2016-10-11,北风
25,2级,20,小到中雨,2016-10-12,东北风
28,1级,22,多云,2016-10-13,东北风
30,1级,20,多云,2016-10-14,东北风
31,1级,21,多云,2016-10-15,东北风
32,2级,24,晴,2016-10-16,北风
32,2级,23,多云,2016-10-17,北风
26,1级,23,大雨,2016-10-18,东北风
27,1级,23,阵雨,2016-10-19,东南风
31,2级,24,多云,2016-10-20,北风
27,2级,24,暴雨,2016-10-21,西风
30,1级,24,多云,2016-10-22,东南风
31,1级,24,多云,2016-10-23,东风
30,2级,24,多云,2016-10-24,东南风
31,2级,24,多云,2016-10-25,东南风
32,1级,25,晴,2016-10-26,东北风
33,1级,24,晴,2016-10-27,东南风
33,1级,22,晴,2016-10-28,东北风
29,2级,20,多云,2016-10-29,东北风
28,1级,19,晴,2016-10-30,东北风
27,2级,19,多云,2016-10-31,东北风
26,3级,17,多云,2016-11-01,北风
25,2级,17,多云,2016-11-02,东北风
25,2级,16,多云,2016-11-03,东北风
26,1级,17,晴,2016-11-04,东北风
27,1级,17,晴,2016-11-05,北风
28,1级,19,晴,2016-11-06,东北风
29,1级,19,多云,2016-11-07,东北风
25,2级,15,多云,2016-11-08,北风
19,2级,12,阴,2016-11-09,东北风
16,1级,13,小雨,2016-11-10,北风
16,1级,12,阴,2016-11-11,东北风
22,1级,16,阴,2016-11-12,西南风
28,1级,21,多云,2016-11-13,东南风
29,1级,20,多云,2016-11-14,东北风
29,1级,20,多云,2016-11-15,南风
30,1级,21,多云,2016-11-16,南风
30,1级,21,多云,2016-11-17,东北风
28,1级,22,多云,2016-11-18,东北风
27,微风,22,阵雨,2016-11-19,东北风
26,微风,22,小到中雨,2016-11-20,南风
27,1级,22,阵雨,2016-11-21,东风
26,1级,18,中到大雨,2016-11-22,东风
18,3级,10,小雨,2016-11-23,东北风
14,2级,10,阴,2016-11-24,北风
14,1级,11,小雨,2016-11-25,南风
12,2级,10,中到大雨,2016-11-26,东北风
17,1级,10,多云,2016-11-27,北风
20,1级,11,晴,2016-11-28,东北风
20,1级,11,阴,2016-11-29,西风
19,1级,11,多云,2016-11-30,东北风
