,maxtemp,power,mintemp,weather,wind
2011-01-01,19,微风,10,多云,无持续风向
2011-01-02,19,微风,11,多云,无持续风向
2011-01-03,18,微风,12,多云,无持续风向
2011-01-04,19,微风,8,小雨,无持续风向
2011-01-05,16,微风~3-4级,9,多云,无持续风向~北风
2011-01-06,16,微风,9,晴,无持续风向
2011-01-07,18,微风,10,多云,无持续风向
2011-01-08,16,微风,9,多云,无持续风向
2011-01-09,12,微风,6,阵雨,无持续风向
2011-01-10,9,微风,6,小到中雨~小雨,无持续风向
2011-01-11,10,微风,8,阵雨,无持续风向
2011-01-12,14,微风,7,小雨,无持续风向
2011-01-13,15,微风,10,阵雨~阴,无持续风向
2011-01-14,12,3-4级,5,多云,东北风
2011-01-15,14,微风,9,晴~多云,无持续风向
2011-01-16,14,微风,5,多云~阴,无持续风向
2011-01-26,16,微风,9,多云,无持续风向
2011-01-29,13,3-4级,5,多云,北风
2011-01-30,14,3-4级,5,多云,北风
2011-01-31,16,微风,8,晴~多云,无持续风向
2011-02-01,17,微风,8,多云,无持续风向
2011-02-02,18,微风,10,多云,无持续风向
2011-02-03,21,微风,11,多云,无持续风向
2011-02-04,23,微风,9,晴~多云,无持续风向
2011-02-05,25,微风,10,晴,无持续风向
2011-02-06,25,微风,11,晴~多云,无持续风向
2011-02-07,26,微风,14,多云,无持续风向
2011-02-08,26,微风,13,多云,无持续风向
2011-02-09,24,微风,15,多云,无持续风向
2011-02-10,26,微风,12,多云~小雨,无持续风向
2011-02-11,15,3-4级,10,阴,北风
2011-02-12,14,微风,9,阴~小雨,无持续风向
2011-02-13,10,微风,6,中雨~小雨,无持续风向
2011-02-14,14,微风,7,阴,无持续风向
2011-02-15,9,微风,6,小雨,无持续风向
2011-02-16,11,微风,9,小雨~阴,无持续风向
2011-02-17,14,微风,9,雾,无持续风向
2011-02-18,14,微风,10,阴~小雨,无持续风向
2011-02-19,10,微风,8,小雨,无持续风向
2011-02-20,15,微风,10,阴,无持续风向
2011-02-21,17,微风,14,阴~多云,无持续风向
2011-02-22,19,微风,14,小雨~多云,无持续风向
2011-02-23,20,微风,15,多云~阴,无持续风向
2011-02-24,21,微风,14,多云,无持续风向
2011-02-25,26,微风,14,多云,无持续风向
2011-02-26,25,微风,18,多云,无持续风向
2011-02-27,25,微风,18,多云,无持续风向
2011-02-28,27,微风,17,晴~多云,无持续风向
2011-03-01,25,微风,13,多云,无持续风向
2011-03-02,19,3-4级~微风,12,多云~阴,北风~无持续风向
2011-03-03,22,微风,12,多云,无持续风向
2011-03-04,21,微风,12,多云,无持续风向
2011-03-05,23,微风,15,多云~阴,无持续风向
2011-03-06,23,微风~3-4级,14,阴~小雨,无持续风向~北风
2011-03-07,17,3-4级,12,阴,北风
2011-03-08,19,微风,12,小雨,无持续风向
2011-03-09,16,微风~3-4级,12,小雨,无持续风向~北风
2011-03-10,17,微风,13,小雨~阴,无持续风向
2011-03-11,19,微风,13,多云,无持续风向
2011-03-12,19,微风,15,多云,无持续风向
2011-03-13,25,微风,15,多云,无持续风向
2011-03-14,26,微风,17,多云,无持续风向
2011-03-15,22,4-5级~3-4级,11,多云,北风
2011-03-16,15,4-5级~3-4级,10,阴,北风
2011-03-17,19,3-4级~微风,13,多云~小雨,北风~无持续风向
2011-03-18,15,微风,11,小到中雨~中雨,无持续风向
2011-03-19,16,微风,12,小雨,无持续风向
2011-03-20,21,微风,17,多云,无持续风向
2011-03-21,27,微风,18,阴~小雨,无持续风向
2011-03-22,15,3-4级,11,阴~小雨,北风
2011-03-23,18,3-4级,11,多云~阴,北风
2011-03-24,17,微风,13,阴~多云,无持续风向
2011-03-25,18,微风,13,多云,无持续风向
2011-03-26,20,微风,14,阴,无持续风向
2011-03-27,15,微风,10,小雨~阴,无持续风向
2011-03-28,22,微风,12,多云,无持续风向
2011-03-29,25,微风,12,多云,无持续风向
2011-03-30,21,微风,13,阴,无持续风向
2011-03-31,25,微风,15,多云,无持续风向
2011-04-01,27,微风,16,多云,无持续风向
2011-04-02,28,微风,17,多云,无持续风向
2011-04-03,28,微风,14,多云~小雨,无持续风向
2011-04-04,19,微风,15,阴~多云,无持续风向
2011-04-05,23,微风,16,多云,无持续风向
2011-04-06,24,微风,17,多云,无持续风向
2011-04-07,26,微风,17,多云,无持续风向
2011-04-08,27,微风,18,多云,无持续风向
2011-04-09,28,微风,18,多云,无持续风向
2011-04-10,29,微风,18,多云,无持续风向
2011-04-11,31,微风,18,晴~多云,无持续风向
2011-04-12,28,微风,19,多云,无持续风向
2011-04-13,29,微风,20,多云,无持续风向
2011-04-14,31,微风,19,多云,无持续风向
2011-04-15,31,微风,19,多云,无持续风向
2011-04-16,32,微风~3-4级,21,多云~雷阵雨,无持续风向~北风
2011-04-17,27,微风~3-4级,21,大到暴雨~阵雨,无持续风向~北风
2011-04-18,29,微风,18,多云,无持续风向
2011-04-19,28,微风,18,晴~多云,无持续风向
2011-04-20,32,微风,19,晴~多云,无持续风向
2011-04-21,27,微风,21,多云,无持续风向
2011-04-22,27,微风,18,雷阵雨~阴,无持续风向
2011-04-23,29,微风,18,多云,无持续风向
2011-04-24,29,微风,18,多云,无持续风向
2011-04-25,31,微风,18,多云,无持续风向
2011-04-26,31,微风,20,多云,无持续风向
2011-04-27,31,微风,22,多云,无持续风向
2011-04-28,32,微风,23,多云,无持续风向
2011-04-29,26,微风,22,小雨~阵雨,无持续风向
2011-04-30,28,微风,23,阵雨,无持续风向
2011-05-01,28,微风,23,阵雨,无持续风向
2011-05-02,29,微风,25,阵雨,无持续风向
2011-05-03,27,微风,20,中雨~小到中雨,无持续风向
2011-05-04,23,微风,18,阵雨,无持续风向
2011-05-05,25,微风,20,阵雨,无持续风向
2011-05-06,28,微风,24,阵雨,无持续风向
2011-05-07,30,微风,24,阵雨~多云,无持续风向
2011-05-08,30,微风,24,阵雨,无持续风向
2011-05-09,32,微风,24,多云,无持续风向
2011-05-10,34,微风,26,多云,无持续风向
2011-05-11,31,微风,25,雷阵雨~中到大雨,无持续风向
2011-05-12,32,微风,23,中雨~中到大雨,无持续风向
2011-05-13,25,微风,22,中到大雨,无持续风向
2011-05-14,26,微风,22,雷阵雨,无持续风向
2011-05-15,26,微风,22,阵雨,无持续风向
2011-05-16,27,微风,22,中到大雨~阵雨,无持续风向
2011-05-17,29,微风,20,晴,无持续风向
2011-05-18,31,微风,21,多云,无持续风向
2011-05-19,31,微风,20,晴~多云,无持续风向
2011-05-20,32,微风,23,多云,无持续风向
2011-05-21,31,微风,23,多云~阵雨,无持续风向
2011-05-22,26,微风,21,暴雨,无持续风向
2011-05-23,25,微风,20,阴,无持续风向
2011-05-24,27,微风,20,多云,无持续风向
2011-05-25,28,微风,22,多云,无持续风向
2011-05-26,30,微风,21,晴,无持续风向
2011-05-27,31,微风,23,多云,无持续风向
2011-05-28,33,微风,22,晴,无持续风向
2011-05-29,34,微风,21,晴,无持续风向
2011-05-30,33,微风,23,多云,无持续风向
2011-05-31,34,微风,21,晴,无持续风向
2011-06-01,35,微风,22,晴~多云,无持续风向
2011-06-02,34,微风,26,多云,无持续风向
2011-06-03,33,微风,26,多云,无持续风向
2011-06-04,33,微风,27,多云,无持续风向
2011-06-05,33,微风,27,阴~阵雨,无持续风向
2011-06-06,34,微风,27,阵雨~多云,无持续风向
2011-06-07,33,微风,27,阵雨,无持续风向
2011-06-08,33,微风,26,阵雨,无持续风向
2011-06-09,34,微风,27,阵雨~多云,无持续风向
2011-06-10,35,微风~3-4级,27,多云,无持续风向~东风
2011-06-11,33,微风,26,阵雨,无持续风向
2011-06-12,29,微风,25,雷阵雨~阵雨,无持续风向
2011-06-13,32,微风,26,雷阵雨~多云,无持续风向
2011-06-14,34,微风,26,雷阵雨~多云,无持续风向
2011-06-15,34,微风,26,阵雨,无持续风向
2011-06-16,30,微风,23,中到大雨~暴雨,无持续风向
2011-06-17,29,3-4级,25,大到暴雨~中到大雨,东南风
2011-06-18,31,微风,26,雷阵雨~阵雨,无持续风向
2011-06-19,33,微风,25,多云,无持续风向
2011-06-20,35,微风,26,多云,无持续风向
2011-06-21,35,微风,25,多云,无持续风向
2011-06-22,32,3-4级~4-5级,24,中雨~大到暴雨,东北风~东南风
2011-06-23,30,3-4级~微风,25,中雨,东南风~无持续风向
2011-06-24,33,微风,26,阵雨,无持续风向
2011-06-25,34,微风,25,阵雨,无持续风向
2011-06-26,29,微风,24,大到暴雨~雷阵雨,无持续风向
2011-06-27,32,微风,26,阵雨~中雨,无持续风向
2011-06-28,33,微风,25,雷阵雨~中到大雨,无持续风向
2011-06-29,29,微风,25,暴雨,无持续风向
2011-06-30,29,微风,25,中到大雨~中雨,无持续风向
2011-07-01,31,微风,26,雷阵雨~多云,无持续风向
2011-07-02,34,微风,26,多云~晴,无持续风向
2011-07-03,35,微风,26,晴,无持续风向
2011-07-04,35,微风,26,晴,无持续风向
2011-07-05,35,微风,26,晴,无持续风向
2011-07-06,35,微风,26,晴,无持续风向
2011-07-07,35,微风,27,晴,无持续风向
2011-07-08,35,微风,26,晴,无持续风向
2011-07-09,35,微风,27,多云,无持续风向
2011-07-10,33,微风,25,雷阵雨~阴,无持续风向
2011-07-11,32,微风,24,雷阵雨,无持续风向
2011-07-12,33,微风,25,雷阵雨,无持续风向
2011-07-13,33,微风,26,雷阵雨,无持续风向
2011-07-14,33,微风,26,雷阵雨,无持续风向
2011-07-15,30,微风,25,大到暴雨~暴雨,无持续风向
2011-07-16,28,微风,25,暴雨~大雨,无持续风向
2011-07-17,30,微风,26,大雨~中雨,无持续风向
2011-07-18,33,微风,26,中雨~中到大雨,无持续风向
2011-07-19,32,微风,25,雷阵雨~阵雨,无持续风向
2011-07-20,31,微风,25,大雨~中到大雨,无持续风向
2011-07-21,32,微风,25,雷阵雨~阵雨,无持续风向
2011-07-22,34,微风,26,多云,无持续风向
2011-07-23,35,微风,26,晴,无持续风向
2011-07-24,35,微风,26,晴,无持续风向
2011-07-25,36,微风,26,晴,无持续风向
2011-07-26,35,微风,27,多云~晴,无持续风向
2011-07-27,35,微风,26,晴,无持续风向
2011-07-28,35,微风,25,晴~雷阵雨,无持续风向
2011-07-29,32,3-4级,25,中雨,东风~东北风
2011-07-30,33,微风,26,阵雨~多云,无持续风向
2011-07-31,33,微风,25,阵雨,无持续风向
2011-08-01,33,微风,24,阵雨~多云,无持续风向
2011-08-02,35,微风,26,多云~晴,无持续风向
2011-08-03,36,微风,25,晴,无持续风向
2011-08-04,36,微风,25,晴,无持续风向
2011-08-05,36,微风,26,晴,无持续风向
2011-08-06,35,微风,26,多云,无持续风向
2011-08-07,34,微风,26,多云,无持续风向
2011-08-08,34,微风,27,雷阵雨~阵雨,无持续风向
2011-08-09,30,微风,25,中到大雨,无持续风向
2011-08-10,30,微风,25,中雨~雷阵雨,无持续风向
2011-08-11,30,微风,26,阵雨,无持续风向
2011-08-12,34,微风,26,阵雨~多云,无持续风向
2011-08-13,35,微风,26,晴,无持续风向
2011-08-14,35,微风,26,晴,无持续风向
2011-08-15,35,微风,25,晴,无持续风向
2011-08-16,35,微风,26,晴~多云,无持续风向
2011-08-17,35,微风,26,晴,无持续风向
2011-08-18,35,微风,26,多云,无持续风向
2011-08-19,35,微风,25,多云~雷阵雨,无持续风向
2011-08-20,35,微风,25,阵雨~多云,无持续风向
2011-08-21,35,微风,25,多云~晴,无持续风向
2011-08-22,35,微风,25,雷阵雨~多云,无持续风向
2011-08-23,35,微风,25,多云,无持续风向
2011-08-24,34,微风,26,雷阵雨,无持续风向
2011-08-25,34,微风,25,雷阵雨~多云,无持续风向
2011-08-26,35,微风,26,多云,无持续风向
2011-08-27,35,微风,25,晴,无持续风向
2011-08-28,35,微风,26,晴,无持续风向
2011-08-29,36,微风,26,晴~多云,无持续风向
2011-08-30,36,微风,26,晴,无持续风向
2011-08-31,35,微风,25,多云~雷阵雨,无持续风向
2011-09-01,29,微风,24,中到大雨~大到暴雨,无持续风向
2011-09-02,30,微风,25,大雨,无持续风向
2011-09-03,31,微风,26,中雨~阵雨,无持续风向
2011-09-04,32,微风,25,阴~多云,无持续风向
2011-09-05,34,微风,26,多云,无持续风向
2011-09-06,33,微风,25,多云,无持续风向
2011-09-07,33,微风,25,阵雨~多云,无持续风向
2011-09-08,35,微风,25,多云,无持续风向
2011-09-09,35,微风,25,多云,无持续风向
2011-09-10,33,微风,25,阵雨~多云,无持续风向
2011-09-11,33,微风,24,雷阵雨~阵雨,无持续风向
2011-09-12,33,微风,24,阵雨~多云,无持续风向
2011-09-13,33,微风,25,多云~阵雨,无持续风向
2011-09-14,33,微风,25,多云,无持续风向
2011-09-15,33,微风,25,雷阵雨~阴,无持续风向
2011-09-16,33,微风,24,多云,无持续风向
2011-09-17,34,微风,24,阵雨,无持续风向
2011-09-18,35,微风,24,多云,无持续风向
2011-09-19,31,微风,21,阵雨~多云,无持续风向
2011-09-20,30,3-4级,20,晴,北风
2011-09-21,29,微风,20,晴,无持续风向
2011-09-22,29,微风,21,晴,无持续风向
2011-09-23,30,微风,21,晴~多云,无持续风向
2011-09-24,29,微风,22,阵雨,无持续风向
2011-09-25,28,微风,23,阵雨~多云,无持续风向
2011-09-26,31,微风,23,多云,无持续风向
2011-09-27,33,微风,24,晴,无持续风向
2011-09-28,34,微风~3-4级,23,晴~阵雨,无持续风向~东风
2011-09-29,28,4-5级,21,中到大雨~大到暴雨,东北风~东风
2011-09-30,30,微风,24,中雨~阵雨,无持续风向
2011-10-01,30,微风,23,多云,无持续风向
2011-10-02,30,微风,22,多云,无持续风向
2011-10-03,26,3-4级,20,阵雨,东北风
2011-10-04,25,3-4级,19,阵雨,北风
2011-10-05,26,微风,20,多云~阵雨,无持续风向
2011-10-06,28,微风,21,多云,无持续风向
2011-10-07,27,微风,21,多云,无持续风向
2011-10-08,30,微风,21,晴,无持续风向
2011-10-09,31,微风,21,晴~多云,无持续风向
2011-10-10,32,微风,22,多云~阵雨,无持续风向
2011-10-11,29,微风,22,阵雨,无持续风向
2011-10-12,27,微风,23,阵雨~中到大雨,无持续风向
2011-10-13,26,微风,22,大雨,无持续风向
2011-10-14,26,微风,20,阵雨~多云,无持续风向
2011-10-15,27,微风,19,多云,无持续风向
2011-10-16,29,微风,18,多云,无持续风向
2011-10-17,29,微风,17,晴,无持续风向
2011-10-18,29,微风,16,晴,无持续风向
2011-10-19,30,微风,18,晴,无持续风向
2011-10-20,29,微风,18,晴,无持续风向
2011-10-21,29,微风,17,晴,无持续风向
2011-10-22,30,微风,19,晴,无持续风向
2011-10-23,30,微风,21,多云,无持续风向
2011-10-24,29,微风,19,多云,无持续风向
2011-10-25,26,微风,17,多云,无持续风向
2011-10-26,26,微风,19,多云,无持续风向
2011-10-27,26,微风,20,多云,无持续风向
2011-10-28,27,微风,18,多云,无持续风向
2011-10-29,27,微风,18,多云,无持续风向
2011-10-30,27,微风,19,多云,无持续风向
2011-10-31,27,微风,18,多云,无持续风向
2011-11-01,28,微风,18,多云,无持续风向
2011-11-02,28,微风,19,多云,无持续风向
2011-11-03,27,微风,19,多云~小雨,无持续风向
2011-11-04,30,微风,22,多云,无持续风向
2011-11-05,30,微风,22,多云,无持续风向
2011-11-06,31,微风,23,多云,无持续风向
2011-11-07,31,微风,21,多云~小雨,无持续风向
2011-11-08,25,微风,18,大雨,无持续风向
2011-11-09,17,4-5级,15,大雨~中雨,北风
2011-11-10,22,3-4级,15,多云,东北风
2011-11-11,23,微风,16,多云,无持续风向
2011-11-12,25,微风,17,晴~多云,无持续风向
2011-11-13,26,微风,16,晴~多云,无持续风向
2011-11-14,27,微风,17,晴~多云,无持续风向
2011-11-15,28,微风,20,多云,无持续风向
2011-11-16,28,微风,19,多云,无持续风向
2011-11-17,27,微风,21,小雨~中雨,无持续风向
2011-11-18,24,微风,21,小雨~小到中雨,无持续风向
2011-11-19,27,微风,17,阴~多云,无持续风向
2011-11-20,26,微风,15,晴,无持续风向
2011-11-21,22,微风,17,多云~阴,无持续风向
2011-11-22,23,微风,16,阴~多云,无持续风向
2011-11-23,25,微风,15,晴,无持续风向
2011-11-24,25,微风,16,晴~多云,无持续风向
2011-11-25,24,微风,16,阴,无持续风向
2011-11-26,22,微风,15,小雨~多云,无持续风向
2011-11-27,25,微风,14,多云,无持续风向
2011-11-28,27,微风,14,晴,无持续风向
2011-11-29,27,微风,16,晴~多云,无持续风向
2011-11-30,21,3-4级,13,多云~阴,北风
2011-12-01,18,4-5级~3-4级,9,多云~晴,北风
2011-12-02,17,3-4级~微风,6,晴,北风~无持续风向
2011-12-03,17,微风,5,晴,无持续风向
2011-12-04,21,微风,10,晴~多云,无持续风向
2011-12-05,22,微风,11,晴~多云,无持续风向
2011-12-06,21,微风,16,阴,无持续风向
2011-12-07,25,微风~3-4级,15,多云~小雨,无持续风向~北风
2011-12-08,15,3-4级,9,阴,北风
2011-12-09,14,4-5级,6,阴~多云,北风
2011-12-10,16,3-4级,4,多云~晴,北风
2011-12-11,16,3-4级~微风,4,晴,北风~无持续风向
2011-12-12,17,微风,8,晴,无持续风向
2011-12-13,20,微风,11,晴~多云,无持续风向
2011-12-14,22,微风,12,多云~阴,无持续风向
2011-12-15,19,3-4级~4-5级,10,多云,北风
2011-12-16,17,4-5级,9,多云,北风
2011-12-17,18,3-4级~微风,8,多云~晴,北风~无持续风向
2011-12-18,18,微风,7,多云~晴,无持续风向
2011-12-19,20,微风,11,晴~多云,无持续风向
2011-12-20,21,微风,13,晴~多云,无持续风向
2011-12-21,20,微风,12,阴,无持续风向
2011-12-22,19,3-4级,10,多云,北风
2011-12-23,16,3-4级,5,晴,北风
2011-12-24,16,微风,5,晴,无持续风向
2011-12-25,16,微风,6,晴,无持续风向
2011-12-26,18,微风,10,多云,无持续风向
2011-12-27,20,微风,10,多云,无持续风向
2011-12-28,22,微风,12,多云,无持续风向
2011-12-29,23,微风,12,多云~阴,无持续风向
2011-12-30,20,3-4级,12,多云,北风
2011-12-31,19,微风,10,多云,无持续风向
2012-01-01,21,微风,10,多云,无持续风向
2012-01-02,18,微风,10,多云,无持续风向
2012-01-03,18,微风~3-4级,8,阴~小雨,无持续风向~北风
2012-01-04,10,3-4级,7,小雨,北风
2012-01-05,7,3-4级,5,小雨,北风
2012-01-06,9,微风,5,小雨~阴,无持续风向
2012-01-07,14,微风,9,阴,无持续风向
2012-01-08,17,微风,9,多云,无持续风向
2012-01-09,19,微风,9,多云,无持续风向
2012-01-10,20,微风,9,多云,无持续风向
2012-01-11,17,微风,11,阴,无持续风向
2012-01-12,14,微风,10,小雨,无持续风向
2012-01-13,15,微风,11,小雨,无持续风向
2012-01-14,17,微风,13,小雨~中到大雨,无持续风向
2012-01-16,16,微风,11,阴~多云,无持续风向
2012-01-17,18,微风,11,阴~多云,无持续风向
2012-01-18,21,微风,12,多云,无持续风向
2012-01-19,20,微风,16,阴,无持续风向
2012-01-20,17,微风,12,小雨,无持续风向
2012-01-21,14,3-4级,7,小雨~小到中雨,北风
2012-01-22,7,3-4级,4,小雨,北风
2012-01-23,7,3-4级,5,小雨,北风
2012-01-24,7,3-4级,5,小雨,北风
2012-01-25,9,3-4级~微风,4,阴,北风~无持续风向
2012-01-26,8,微风,4,小雨~阴,无持续风向
2012-01-27,11,微风,7,阴~多云,无持续风向
2012-01-28,16,微风,11,雾,无持续风向
2012-01-29,13,3-4级,9,阴,北风
2012-01-30,16,微风,8,多云,无持续风向
2012-01-31,18,微风,10,多云,无持续风向
2012-02-01,19,微风,11,多云,无持续风向
2012-02-02,14,3-4级,10,阴,北风
2012-02-03,13,微风,9,小雨~阴,无持续风向
2012-02-04,16,微风,11,阴,无持续风向
2012-02-05,21,微风,14,阴~雾,无持续风向
2012-02-06,23,微风~3-4级,12,小雨,无持续风向~北风
2012-02-07,17,3-4级,8,多云,北风
2012-02-08,14,微风,10,阴,无持续风向
2012-02-09,14,微风,7,阴,无持续风向
2012-02-10,10,3-4级,7,小雨,北风~东北风
2012-02-11,13,微风,6,阴,无持续风向
2012-02-12,16,微风,9,阴,无持续风向
2012-02-13,23,微风,14,多云~阴,无持续风向
2012-02-14,26,微风,18,多云~雾,无持续风向
2012-02-15,26,微风,14,多云~小雨,无持续风向
2012-02-16,14,3-4级,10,小雨,北风
2012-02-17,13,3-4级,8,阴,北风
2012-02-18,16,3-4级,8,阴,北风
2012-02-19,19,微风,10,多云,无持续风向
2012-02-20,19,微风,14,多云,无持续风向
2012-02-21,23,微风,16,阴,无持续风向
2012-02-22,24,微风,18,小雨,无持续风向
2012-02-23,23,微风,19,小雨,无持续风向
2012-02-24,25,微风~3-4级,16,小雨,无持续风向~东北风
2012-02-25,15,3-4级,10,小雨,北风
2012-02-26,12,3-4级,9,阴,北风
2012-02-27,9,微风,6,小雨~小到中雨,无持续风向
2012-02-28,12,微风,7,小雨~阴,无持续风向
2012-02-29,17,微风,14,小雨,无持续风向
2012-03-01,18,微风,12,雾,无持续风向
2012-03-02,23,微风,17,雾,无持续风向
2012-03-03,18,微风,16,阴,无持续风向
2012-03-04,23,微风,19,小雨~中到大雨,无持续风向
2012-03-05,23,微风,19,中雨,无持续风向
2012-03-06,25,微风,22,中雨~小雨,无持续风向
2012-03-07,18,微风,16,小雨,无持续风向
2012-03-08,15,3-4级,11,小雨,北风
2012-03-09,13,3-4级,9,小雨,北风
2012-03-10,13,3-4级,9,阴~小雨,北风
2012-03-11,11,微风,8,小雨,无持续风向
2012-03-12,14,微风,10,阴,无持续风向
2012-03-13,15,微风,11,小雨~阴,无持续风向
2012-03-14,17,微风,13,小雨~阴,无持续风向
2012-03-15,21,微风,16,阴~小雨,无持续风向
2012-03-16,24,微风,18,小雨,无持续风向
2012-03-17,25,微风,20,小雨,无持续风向
2012-03-18,27,微风,20,阴,无持续风向
2012-03-19,24,微风,19,小雨,无持续风向
2012-03-20,24,微风,18,小雨,无持续风向
2012-03-21,24,微风,18,阴,无持续风向
2012-03-22,26,微风,19,阴~阵雨,无持续风向
2012-03-23,22,3-4级,12,小雨~阵雨,北风
2012-03-24,22,3-4级~微风,11,晴,北风~无持续风向
2012-03-25,24,微风,13,晴~多云,无持续风向
2012-03-26,25,微风,12,晴~多云,无持续风向
2012-03-27,26,微风,14,晴~多云,无持续风向
2012-03-28,27,微风,18,晴~多云,无持续风向
2012-03-29,26,微风,18,多云,无持续风向
2012-03-30,28,微风~3-4级,16,多云~阵雨,无持续风向~北风
2012-03-31,25,3-4级,16,多云~晴,北风
2012-04-01,25,小于3级,23,中雨,南风
2012-04-02,27,小于3级,21,中雨,南风
2012-04-03,24,小于3级,24,中雨,南风
2012-04-04,27,小于3级,21,中雨,南风
2012-04-05,27,小于3级,21,中雨,南风
2012-04-06,26,小于3级,22,中雨,南风
2012-04-07,27,小于3级,21,中雨,南风
2012-04-08,25,小于3级,23,中雨,南风
2012-04-09,27,小于3级,21,中雨,南风
2012-04-10,26,小于3级,22,中雨,南风
2012-04-11,25,小于3级,23,中雨,南风
2012-04-12,26,小于3级,22,中雨,南风
2012-04-13,29,小于3级,23,雷阵雨转阵雨,东风
2012-04-14,30,小于3级,23,多云转雷阵雨,东南风
2012-04-15,26,小于3级,23,暴雨,南风
2012-04-16,28,小于3级,23,雷阵雨转中到大雨,北风
2012-04-17,25,小于3级,22,中雨转大雨,东南风
2012-04-18,24,小于3级,20,暴雨,南风
2012-04-19,24,小于3级,21,暴雨,东南风
2012-04-20,24,小于3级,21,暴雨,西北风
2012-04-21,26,小于3级,19,阴转多云,西北风
2012-04-22,31,小于3级,21,多云,南风
2012-04-23,29,小于3级,23,阵雨转雷阵雨,东南风
2012-04-24,25,小于3级,22,阵雨转暴雨,南风
2012-04-25,28,3-4级转小于3级,22,雷阵雨转多云,北风
2012-04-26,28,小于3级,23,多云转阵雨,北风
2012-04-27,24,小于3级,20,大雨转中雨,南风
2012-04-28,29,小于3级,22,雷阵雨,东南风
2012-04-29,30,小于3级,23,多云转雷阵雨,东南风
2012-04-30,31,小于3级,25,雷阵雨转中到大雨,东南风
2012-05-01,32,小于3级,25,雷阵雨,东南风
2012-05-02,32,小于3级,25,阵雨转多云,北风
2012-05-03,31,小于3级,25,雷阵雨,东北风
2012-05-04,33,小于3级,24,雷阵雨,南风
2012-05-05,33,小于3级,24,多云,东北风
2012-05-06,33,小于3级,24,雷阵雨转多云,东风
2012-05-07,34,小于3级,25,多云转晴,东南风
2012-05-08,35,小于3级,26,晴,东南风
2012-05-09,32,小于3级,26,多云转雷阵雨,东风
2012-05-10,31,小于3级,25,中雨转雷阵雨,东南风
2012-05-11,30,小于3级,25,雷阵雨,东风
2012-05-12,32,小于3级,25,雷阵雨,南风
2012-05-13,30,小于3级,25,雷阵雨转暴雨,北风
2012-05-14,30,小于3级,25,大雨转雷阵雨,南风
2012-05-15,33,小于3级,24,雷阵雨,北风
2012-05-16,30,小于3级,24,雷阵雨,东北风
2012-05-17,29,小于3级,25,大雨,东北风
2012-05-18,31,小于3级,24,阵雨转大雨,东风
2012-05-19,29,小于3级,24,中雨转雷阵雨,北风
2012-05-20,34,小于3级,24,多云转晴,北风
2012-05-21,32,小于3级,23,多云,东北风
2012-05-22,31,小于3级,24,多云,北风
2012-05-23,32,小于3级,23,多云,东南风
2012-05-24,32,小于3级,22,多云,北风
2012-05-25,31,小于3级,24,多云转雷阵雨,东风
2012-05-26,29,小于3级,23,雷阵雨转大雨,南风
2012-05-27,31,小于3级,24,雷阵雨,东北风
2012-05-28,32,小于3级,25,阵雨转多云,东南风
2012-05-29,30,小于3级,24,阵雨转中雨,南风
2012-05-30,31,小于3级,24,阵雨转多云,东南风
2012-05-31,31,小于3级,24,多云,东风
2012-06-01,31,小于3级,23,多云,西北风
2012-06-02,31,小于3级,24,多云,东北风
2012-06-03,32,小于3级,24,多云,西南风
2012-06-04,31,小于3级,24,多云,南风
2012-06-05,33,小于3级,24,多云,南风
2012-06-06,35,小于3级,26,多云,南风
2012-06-07,35,小于3级,25,多云,东南风
2012-06-08,33,小于3级,25,阵雨,南风
2012-06-09,34,小于3级,27,多云,西南风
2012-06-10,33,小于3级,26,雷阵雨,南风
2012-06-11,30,小于3级,25,暴雨,西北风
2012-06-12,32,小于3级,26,阵雨转雷阵雨,西南风
2012-06-13,31,小于3级,25,阵雨转雷阵雨,东南风
2012-06-14,33,小于3级,24,阵雨,南风
2012-06-15,32,小于3级,25,雷阵雨,西南风
2012-06-16,29,小于3级,24,大雨转暴雨,东风
2012-06-17,29,小于3级,24,中雨转中到大雨,东南风
2012-06-18,32,3-4级转小于3级,26,阵雨转多云,东北风
2012-06-19,34,小于3级,26,多云转阵雨,北风
2012-06-20,29,小于3级,25,雷阵雨转大雨,西南风
2012-06-21,30,小于3级,25,暴雨转中到大雨,东南风
2012-06-22,31,小于3级,25,阵雨转中雨,东北风
2012-06-23,31,小于3级,25,雷阵雨,东风
2012-06-24,31,小于3级,25,中雨,东南风
2012-06-25,32,小于3级,26,雷阵雨,南风
2012-06-26,33,小于3级,26,阵雨转多云,东南风
2012-06-27,34,小于3级,26,多云,南风
2012-06-28,35,小于3级转3-4级,25,多云,南风
2012-06-29,29,3-4级转5-6级,24,阵雨转暴雨,东风
2012-06-30,32,3-4级转小于3级,25,阵雨,东风
2012-07-01,35,小于3级,25,多云,东南风
2012-07-02,34,小于3级,24,多云,南风
2012-07-03,34,小于3级,24,多云,南风
2012-07-04,33,小于3级,24,多云转雷阵雨,东北风
2012-07-05,32,小于3级,25,阵雨,东南风
2012-07-06,33,小于3级,25,阵雨,西南风
2012-07-07,33,小于3级,25,阵雨,东南风
2012-07-08,34,小于3级,25,多云,南风
2012-07-09,35,小于3级,26,晴,南风
2012-07-10,35,小于3级,26,晴,东南风
2012-07-11,35,小于3级,26,晴,东南风
2012-07-12,34,小于3级,26,晴转多云,东南风
2012-07-13,35,小于3级,26,多云转阵雨,东南风
2012-07-14,35,小于3级,26,多云,南风
2012-07-15,35,小于3级,27,多云转阵雨,南风
2012-07-16,34,小于3级,26,多云转雷阵雨,东南风
2012-07-17,34,小于3级,27,多云转雷阵雨,东南风
2012-07-18,34,小于3级,26,多云,西南风
2012-07-19,35,小于3级,25,多云转晴,西风
2012-07-20,35,小于3级,26,多云转晴,北风
2012-07-21,35,小于3级转3-4级,26,多云转雷阵雨,西北风
2012-07-22,32,4-5级,25,中雨,东风
2012-07-23,29,4-5级转5-6级,25,大雨转暴雨,东北风
2012-07-24,28,4-5级转3-4级,25,暴雨,东风
2012-07-25,28,3-4级转小于3级,24,暴雨转大雨,东南风
2012-07-26,28,3-4级转小于3级,24,大雨,东风
2012-07-27,29,小于3级,25,阵雨,东北风
2012-07-28,28,小于3级,24,阵雨转多云,东北风
2012-07-29,33,小于3级,24,多云,西风
2012-07-30,35,小于3级,24,晴,西北风
2012-07-31,36,小于3级,24,晴,北风
2012-08-01,37,小于3级,26,晴,北风
2012-08-02,36,小于3级,26,晴转多云,北风
2012-08-03,33,小于3级,26,阵雨,西北风
2012-08-04,33,小于3级,25,阵雨,北风
2012-08-05,32,小于3级,25,多云,北风
2012-08-06,33,小于3级,25,多云,北风
2012-08-07,35,小于3级,25,多云,东北风
2012-08-08,33,小于3级,25,多云转雷阵雨,北风
2012-08-09,35,小于3级,25,多云,南风
2012-08-10,35,小于3级,26,多云,西南风
2012-08-11,33,小于3级,26,多云转雷阵雨,西北风
2012-08-12,32,小于3级,25,雷阵雨,北风
2012-08-13,31,小于3级,25,阵雨,东北风
2012-08-14,35,小于3级,25,多云,南风
2012-08-15,35,小于3级转3-4级,25,多云转雷阵雨,北风
2012-08-16,32,4-5级,25,雷阵雨转大雨,东北风
2012-08-17,33,3-4级转小于3级,25,雷阵雨,东南风
2012-08-18,33,小于3级,26,阵雨,西风
2012-08-19,35,小于3级,25,多云,北风
2012-08-20,35,小于3级,26,多云,东北风
2012-08-21,34,小于3级,25,雷阵雨,东北风
2012-08-22,33,小于3级,25,雷阵雨转多云,东北风
2012-08-23,35,小于3级,25,多云,北风
2012-08-24,34,小于3级,25,多云,北风
2012-08-25,33,3-4级,26,多云,北风
2012-08-26,35,小于3级,26,晴,北风
2012-08-27,35,小于3级,24,多云转晴,北风
2012-08-28,34,小于3级,27,晴转多云,北风
2012-08-29,34,小于3级,25,多云,东北风
2012-08-30,34,小于3级,26,多云转雷阵雨,北风
2012-08-31,33,小于3级,25,多云转雷阵雨,东北风
2012-09-01,32,小于3级,25,雷阵雨,东风
2012-09-02,31,小于3级,24,雷阵雨,南风
2012-09-03,33,小于3级,24,雷阵雨转多云,北风
2012-09-04,33,小于3级,25,雷阵雨转多云,东北风
2012-09-05,33,小于3级,24,多云,北风
2012-09-06,33,小于3级,24,多云,西北风
2012-09-07,33,小于3级,24,雷阵雨,西北风
2012-09-08,34,小于3级,24,多云,北风
2012-09-09,35,小于3级,25,多云,南风
2012-09-10,34,小于3级,25,多云,西北风
2012-09-11,33,小于3级,24,多云,南风
2012-09-12,31,小于3级转3-4级,25,多云转雷阵雨,东北风
2012-09-13,30,3-4级,22,阵雨转阴,北风
2012-09-14,30,3-4级,21,多云转晴,东北风
2012-09-15,30,3-4级,20,晴,北风
2012-09-16,30,3-4级,20,晴,北风
2012-09-17,31,3-4级转小于3级,19,晴,北风
2012-09-18,31,小于3级,21,多云,西北风
2012-09-19,31,小于3级,23,多云,北风
2012-09-20,30,小于3级,23,多云,西北风
2012-09-21,32,小于3级,23,多云,东北风
2012-09-22,32,小于3级,23,多云转阵雨,南风
2012-09-23,31,小于3级,25,多云,南风
2012-09-24,31,小于3级,24,多云,西南风
2012-09-25,31,小于3级,23,多云,北风
2012-09-26,31,小于3级,23,多云,东北风
2012-09-27,32,3-4级,23,晴,北风
2012-09-28,30,3-4级,22,晴,北风
2012-09-29,30,3-4级转小于3级,20,晴,西北风
2012-09-30,30,3-4级,19,晴,北风
2012-10-01,30,3-4级,19,晴,北风
2012-10-02,31,小于3级,18,晴,北风
2012-10-03,31,小于3级,19,晴,北风
2012-10-04,31,小于3级,20,晴,北风
2012-10-05,31,小于3级,19,晴,北风
2012-10-06,31,小于3级,20,晴,西北风
2012-10-07,31,小于3级,22,晴,北风
2012-10-08,31,小于3级,22,晴,西北风
2012-10-09,31,小于3级,20,晴,北风
2012-10-10,30,小于3级,21,晴,北风
2012-10-11,30,小于3级,17,晴,北风
2012-10-12,31,小于3级,18,晴,北风
2012-10-13,30,小于3级,19,晴,北风
2012-10-14,30,小于3级,21,晴,北风
2012-10-15,31,小于3级,22,晴,北风
2012-10-16,28,小于3级转3-4级,21,多云转阴,北风
2012-10-17,28,3-4级转小于3级,18,多云转晴,北风
2012-10-18,28,3-4级转小于3级,18,多云转晴,北风
2012-10-19,29,小于3级,18,晴,西风
2012-10-20,29,小于3级,18,晴,西北风
2012-10-21,29,小于3级,19,晴,北风
2012-10-22,29,3-4级,19,多云,北风
2012-10-23,30,小于3级,19,晴,西南风
2012-10-24,30,小于3级,19,晴,北风
2012-10-25,30,小于3级,20,晴,北风
2012-10-26,28,小于3级,22,多云转阵雨,北风
2012-10-27,28,小于3级,22,阴转多云,东北风
2012-10-28,29,小于3级,21,多云,北风
2012-10-29,24,小于3级转3-4级,18,多云转大雨,北风
2012-10-30,22,3-4级,16,阴转多云,北风
2012-10-31,24,3-4级转小于3级,13,晴,北风
2012-11-01,25,小于3级,12,晴,北风
2012-11-02,26,小于3级,14,晴转多云,北风
2012-11-03,25,小于3级转3-4级,17,阴转多云,北风
2012-11-04,25,小于3级,16,多云转晴,东北风
2012-11-05,26,小于3级,15,多云转晴,北风
2012-11-06,26,小于3级,17,晴转多云,北风
2012-11-07,25,小于3级,18,多云,东南风
2012-11-08,26,小于3级,21,多云,东风
2012-11-09,27,小于3级转3-4级,22,多云转小雨,南风
2012-11-10,22,3-4级,16,小雨,北风
2012-11-11,23,3-4级转小于3级,15,多云,北风
2012-11-12,23,小于3级,16,多云,北风
2012-11-13,27,小于3级,15,晴,北风
2012-11-14,27,小于3级,18,多云,南风
2012-11-15,25,小于3级,19,多云转大雨,北风
2012-11-16,20,3-4级,15,大雨转阴,北风
2012-11-17,22,小于3级,14,多云,北风
2012-11-18,23,小于3级,16,多云,北风
2012-11-19,26,小于3级,19,多云,北风
2012-11-20,24,小于3级,19,小雨,东风
2012-11-21,26,小于3级,20,小雨,东风
2012-11-22,23,小于3级转3-4级,16,小雨转中雨,东南风
2012-11-23,22,小于3级,13,多云,北风
2012-11-24,21,小于3级,15,阴,东北风
2012-11-25,18,3-4级,13,中雨,西北风
2012-11-26,15,4-5级转3-4级,11,中雨转小雨,北风
2012-11-27,15,小于3级,11,小雨转中雨,北风
2012-11-28,16,小于3级,13,暴雨转中雨,北风
2012-11-29,18,小于3级,15,小雨,东北风
2012-11-30,19,小于3级,16,小雨,北风
2012-12-01,16,3-4级转小于3级,13,中雨转小雨,北风
2012-12-02,16,小于3级转3-4级,11,多云转小雨,北风
2012-12-03,16,小于3级,11,阴转小雨,北风
2012-12-04,16,小于3级,11,小雨,北风
2012-12-05,18,小于3级,9,多云,北风
2012-12-06,21,小于3级,12,多云转晴,北风
2012-12-07,22,小于3级,12,多云,北风
2012-12-08,21,小于3级转3-4级,13,多云,北风
2012-12-09,21,小于3级转3-4级,13,多云,北风
2012-12-10,18,小于3级,11,多云,北风
2012-12-11,18,小于3级,11,多云,北风
2012-12-12,21,小于3级,13,多云,西北风
2012-12-13,23,小于3级,16,多云,北风
2012-12-14,24,小于3级,16,多云,北风
2012-12-15,25,小于3级,19,多云转阴,北风
2012-12-16,22,3-4级,17,多云,北风
2012-12-17,18,3-4级,12,小雨,北风
2012-12-18,14,3-4级转小于3级,7,多云,北风
2012-12-19,17,小于3级,11,小雨,东南风
2012-12-20,22,小于3级,15,阴,东南风
2012-12-21,17,4-5级转3-4级,10,小雨,北风
2012-12-22,13,4-5级转3-4级,8,阴转多云,北风
2012-12-23,14,3-4级转小于3级,4,晴,北风
2012-12-24,18,小于3级,9,多云,北风
2012-12-25,19,小于3级,10,多云转阴,北风
2012-12-26,17,小于3级,13,小雨转中雨,北风
2012-12-27,18,小于3级,12,小雨转阴,北风
2012-12-28,18,小于3级转4-5级,8,多云转小雨,北风
2012-12-29,12,4-5级转3-4级,5,阴转多云,北风
2012-12-30,13,3-4级,3,晴,北风
2012-12-31,15,小于3级,4,晴,北风
2013-01-01,16,小于3级,7,多云,北风
2013-01-02,14,小于3级转3-4级,9,阴,北风
2013-01-03,11,3-4级,6,阴转多云,北风
2013-01-04,13,小于3级,6,多云,北风
2013-01-05,13,小于3级,5,阴,北风
2013-01-06,15,小于3级,7,阴转多云,北风
2013-01-07,15,小于3级,9,多云转阴,北风
2013-01-08,14,3-4级,9,阴,北风
2013-01-09,15,小于3级,7,多云,北风
2013-01-10,15,小于3级,9,阴,北风
2013-01-11,15,小于3级,10,多云转阴,北风
2013-01-12,20,小于3级,11,阴转晴,北风
2013-01-13,18,小于3级,8,晴,北风
2013-01-14,20,小于3级,8,晴,北风
2013-01-15,20,小于3级,10,晴,北风
2013-01-16,18,3-4级,12,多云,北风
2013-01-17,16,小于3级,8,晴,东北风
2013-01-18,18,小于3级,7,多云转晴,西北风
2013-01-19,21,小于3级,12,多云,北风
2013-01-20,21,小于3级,15,多云,北风
2013-01-21,21,小于3级,16,阴,北风
2013-01-22,25,小于3级,12,多云,北风
2013-01-23,23,小于3级,13,多云,北风
2013-01-24,21,小于3级,13,阴转多云,东北风
2013-01-25,21,小于3级,11,多云转阴,北风
2013-01-26,22,小于3级,12,多云转晴,北风
2013-01-27,23,小于3级,10,晴转多云,北风
2013-01-28,22,小于3级,10,多云转晴,西北风
2013-01-29,23,小于3级,12,晴转多云,北风
2013-01-30,23,小于3级,13,多云,东北风
2013-01-31,25,小于3级,15,多云,南风
2013-02-01,25,小于3级,15,多云转阴,北风
2013-02-02,23,小于3级,17,小雨,南风
2013-02-03,23,小于3级,18,阴转小雨,北风
2013-02-04,24,小于3级,18,小雨,北风
2013-02-05,25,小于3级,18,多云转阴,北风
2013-02-06,25,小于3级,19,阴,东南风
2013-02-07,21,3-4级转4-5级,10,小雨,东南风
2013-02-08,13,4-5级转3-4级,7,阴,北风
2013-02-09,17,小于3级,9,阴转多云,北风
2013-02-10,19,小于3级,12,多云,北风
2013-02-11,21,小于3级,15,阴,北风
2013-02-12,20,3-4级转小于3级,11,多云,北风
2013-02-13,22,小于3级,14,阴,北风
2013-02-14,21,小于3级,15,小雨转阴,北风
2013-02-15,23,小于3级,13,阴转多云,北风
2013-02-16,23,小于3级,14,多云,北风
2013-02-17,26,小于3级,17,阴转多云,东南风
2013-02-18,22,小于3级转3-4级,13,多云转阴,北风
2013-02-19,16,3-4级,12,阴,北风
2013-02-20,19,小于3级,12,多云,北风
2013-02-21,22,小于3级转3-4级,12,多云,西北风
2013-02-22,22,3-4级转小于3级,11,晴,北风
2013-02-23,23,小于3级,13,多云,西北风
2013-02-24,23,小于3级,17,多云,北风
2013-02-25,25,小于3级,19,阴,南风
2013-02-26,25,小于3级,19,阴,南风
2013-02-27,25,小于3级,19,阴,北风
2013-02-28,25,小于3级,20,阴转小雨,东南风
2013-03-01,19,3-4级,12,小雨,东风
2013-03-02,17,4-5级转3-4级,11,阴转多云,北风
2013-03-03,19,小于3级,8,多云转晴,西北风
2013-03-04,23,小于3级,10,晴转多云,北风
2013-03-05,25,小于3级,11,晴,北风
2013-03-06,27,小于3级,11,晴,北风
2013-03-07,28,小于3级,13,晴,北风
2013-03-08,28,小于3级,14,晴,北风
2013-03-09,27,小于3级,13,多云,东南风
2013-03-10,28,小于3级,15,晴,北风
2013-03-11,26,小于3级,16,晴转多云,南风
2013-03-12,25,小于3级,18,阴,东南风
2013-03-13,24,小于3级,16,小雨转阴,西北风
2013-03-14,25,小于3级,18,多云,西风
2013-03-15,25,小于3级,15,多云,北风
2013-03-16,26,小于3级,18,阴,北风
2013-03-17,25,小于3级,19,阴,东南风
2013-03-18,26,小于3级,20,阴转阵雨,西北风
2013-03-19,24,小于3级,21,阵雨转中雨,南风
2013-03-20,24,小于3级,19,阵雨转阴,北风
2013-03-21,26,小于3级,19,多云转阴,东南风
2013-03-22,27,小于3级,20,多云转雷阵雨,东风
2013-03-23,25,小于3级,20,雷阵雨,南风
2013-03-24,25,小于3级,19,多云转雷阵雨,西北风
2013-03-25,22,小于3级,18,中雨转暴雨,东南风
2013-03-26,22,小于3级,17,中雨转阴,北风
2013-03-27,24,小于3级,18,阴转中雨,北风
2013-03-28,24,小于3级,17,阵雨转多云,西南风
2013-03-29,22,小于3级,18,阴转雷阵雨,北风
2013-03-30,21,小于3级,17,暴雨转雷阵雨,东北风
2013-03-31,22,小于3级,18,阴转雷阵雨,北风
2013-04-01,22,小于3级,18,阵雨转中雨,西北风
2013-04-02,22,小于3级,20,大雨转中雨,东北风
2013-04-03,21,小于3级,18,中雨转暴雨,东南风
2013-04-04,23,小于3级,19,大雨转暴雨,东风
2013-04-05,21,3-4级,15,阵雨转多云,西北风
2013-04-06,21,3-4级转小于3级,14,多云,北风
2013-04-07,21,小于3级,15,多云,北风
2013-04-08,20,小于3级,16,中雨转大雨,北风
2013-04-09,20,3-4级,14,雷阵雨转阴,北风
2013-04-10,18,小于3级,14,阵雨,北风
2013-04-11,19,小于3级,13,阵雨转阴,北风
2013-04-12,23,小于3级,16,多云,北风
2013-04-13,24,小于3级,17,阴转多云,北风
2013-04-14,28,小于3级,17,多云,北风
2013-04-15,27,小于3级,18,多云转阴,南风
2013-04-16,24,小于3级,20,雷阵雨,东风
2013-04-17,28,小于3级,22,雷阵雨转阵雨,东风
2013-04-18,28,小于3级,23,雷阵雨,东南风
2013-04-19,27,小于3级,23,中雨转雷阵雨,东南风
2013-04-20,25,小于3级,19,阵雨转多云,西南风
2013-04-21,23,3-4级转小于3级,18,阴,东南风
2013-04-22,27,小于3级,19,阴转多云,东南风
2013-04-23,28,小于3级,21,阴转阵雨,南风
2013-04-24,26,小于3级,22,阵雨转雷阵雨,东南风
2013-04-25,23,小于3级,19,暴雨,北风
2013-04-26,24,小于3级,19,雷阵雨,北风
2013-04-27,27,小于3级,20,多云,东南风
2013-04-28,28,小于3级,22,阵雨,东北风
2013-04-29,29,小于3级,22,雷阵雨转暴雨,北风
2013-04-30,26,小于3级,20,阴转多云,西南风
2013-05-01,26,小于3级,20,多云转阴,东南风
2013-05-02,25,小于3级,19,阴,东南风
2013-05-03,26,小于3级,19,阵雨转阴,东北风
2013-05-04,26,小于3级,18,阴,东风
2013-05-05,29,小于3级,21,多云转阵雨,东风
2013-05-06,27,小于3级,22,多云转阵雨,东北风
2013-05-07,28,小于3级,23,阴转阵雨,东南风
2013-05-08,28,小于3级,23,阵雨,东南风
2013-05-09,28,小于3级,22,中雨转暴雨,东北风
2013-05-10,29,小于3级,21,雷阵雨,南风
2013-05-11,31,小于3级,23,多云,北风
2013-05-12,31,小于3级,23,多云,东南风
2013-05-13,30,小于3级,23,多云转阵雨,东南风
2013-05-14,30,小于3级,24,雷阵雨转大雨,东南风
2013-05-15,29,小于3级,25,大雨转暴雨,南风
2013-05-16,31,小于3级,24,雷阵雨转阴,北风
2013-05-17,30,小于3级,25,雷阵雨,东风
2013-05-18,32,小于3级,26,雷阵雨,南风
2013-05-19,30,小于3级,25,雷阵雨转暴雨,北风
2013-05-20,30,小于3级,25,暴雨,东北风
2013-05-21,31,小于3级,24,暴雨转雷阵雨,东南风
2013-05-22,31,小于3级,24,雷阵雨,北风
2013-05-23,32,小于3级,25,多云转阵雨,东风
2013-05-24,29,小于3级,25,多云转雷阵雨,东南风
2013-05-25,29,小于3级,24,雷阵雨,南风
2013-05-26,31,小于3级,24,暴雨转阵雨,南风
2013-05-27,32,小于3级,26,多云,南风
2013-05-28,34,小于3级,26,多云,东南风
2013-05-29,34,小于3级,26,多云,北风
2013-05-30,34,小于3级,25,多云转雷阵雨,北风
2013-05-31,34,小于3级,25,晴转多云,南风
2013-06-01,35,小于3级,26,晴,南风
2013-06-02,32,小于3级,25,雷阵雨,北风
2013-06-03,33,小于3级,25,雷阵雨,西北风
2013-06-04,34,小于3级,25,雷阵雨,西北风
2013-06-05,31,小于3级,25,雷阵雨,东北风
2013-06-06,32,小于3级,25,雷阵雨,南风
2013-06-07,33,小于3级,26,多云,南风
2013-06-08,33,小于3级,26,阵雨转雷阵雨,东风
2013-06-09,30,小于3级,24,中雨转暴雨,北风
2013-06-10,27,小于3级,22,大雨转阵雨,北风
2013-06-11,30,小于3级,21,多云,北风
2013-06-12,32,小于3级,23,多云,东北风
2013-06-13,28,小于3级,22,中雨转暴雨,东北风
2013-06-14,28,3-4级,23,大雨,东北风
2013-06-15,29,小于3级,25,中雨转阵雨,东风
2013-06-16,32,小于3级,25,阵雨,西北风
2013-06-17,33,小于3级,26,多云转阵雨,北风
2013-06-18,35,小于3级,25,多云,南风
2013-06-19,35,小于3级,25,晴,东北风
2013-06-20,35,小于3级,26,晴,南风
2013-06-21,34,小于3级转3-4级,26,多云转雷阵雨,东风
2013-06-22,31,小于3级,25,阵雨转中雨,东北风
2013-06-23,30,小于3级,25,中雨,东南风
2013-06-24,29,小于3级,25,大雨,东风
2013-06-25,33,小于3级,26,雷阵雨转阵雨,南风
2013-06-26,34,小于3级,27,多云,南风
2013-06-27,34,小于3级,27,晴,南风
2013-06-28,34,小于3级,27,多云,南风
2013-06-29,35,小于3级,27,晴,南风
2013-06-30,33,小于3级,26,多云转雷阵雨,北风
2013-07-01,32,3-4级转小于3级,25,中雨,东风
2013-07-02,33,小于3级,25,阵雨,北风
2013-07-03,34,小于3级,26,晴,南风
2013-07-04,34,小于3级,26,晴,南风
2013-07-05,34,小于3级,26,多云转阵雨,北风
2013-07-06,33,小于3级,25,阵雨转雷阵雨,东南风
2013-07-07,32,小于3级,25,多云转雷阵雨,东南风
2013-07-08,33,小于3级,25,多云,东南风
2013-07-09,34,小于3级,26,晴,东风
2013-07-10,33,小于3级,24,晴,南风
2013-07-11,35,小于3级,25,晴,西北风
2013-07-12,35,小于3级,25,晴转阵雨,东北风
2013-07-13,33,小于3级,26,阵雨转雷阵雨,西南风
2013-07-14,32,小于3级,26,阵雨转雷阵雨,西南风
2013-07-15,31,小于3级,24,中雨,东风
2013-07-16,30,小于3级,24,中雨转大雨,东风
2013-07-17,32,小于3级,24,阵雨转中雨,东北风
2013-07-18,33,小于3级,25,雷阵雨转中雨,北风
2013-07-19,31,小于3级,25,阵雨转大雨,东风
2013-07-20,31,小于3级,24,中雨,东风
2013-07-21,32,小于3级,25,雷阵雨,北风
2013-07-22,33,小于3级,25,多云转雷阵雨,西北风
2013-07-23,32,小于3级,25,阵雨转雷阵雨,西北风
2013-07-24,30,小于3级,24,中雨转暴雨,东风
2013-07-25,30,小于3级,24,中雨转大雨,东风
2013-07-26,30,小于3级,24,大雨转中雨,东南风
2013-07-27,31,小于3级,25,中雨转阵雨,东南风
2013-07-28,33,小于3级,25,阵雨转多云,东风
2013-07-29,34,小于3级,25,晴,北风
2013-07-30,34,小于3级,25,晴,北风
2013-07-31,33,小于3级,25,多云转雷阵雨,北风
2013-08-01,31,小于3级,24,雷阵雨转大雨,北风
2013-08-02,30,3-4级转小于3级,24,大雨,东风
2013-08-03,32,小于3级,25,阵雨转多云,东风
2013-08-04,34,小于3级,25,晴,南风
2013-08-05,34,小于3级,25,晴,东北风
2013-08-06,33,小于3级,25,晴转多云,南风
2013-08-07,34,小于3级,25,晴,东风
2013-08-08,34,小于3级,25,多云转晴,北风
2013-08-09,34,小于3级,25,晴,北风
2013-08-10,34,小于3级,25,晴,东风
2013-08-11,34,小于3级,25,晴,北风
2013-08-12,33,小于3级,25,晴转雷阵雨,北风
2013-08-13,29,3-4级转5-6级,24,暴雨,东北风
2013-08-14,28,4-5级转3-4级,24,暴雨,东风
2013-08-15,28,3-4级转小于3级,25,暴雨,东南风
2013-08-16,27,小于3级,25,暴雨,南风
2013-08-17,30,小于3级,25,暴雨,东南风
2013-08-18,32,小于3级,25,大雨转阵雨,北风
2013-08-19,33,小于3级,25,多云,北风
2013-08-20,34,小于3级,25,多云,北风
2013-08-21,31,小于3级,25,多云转大雨,北风
2013-08-22,29,小于3级,25,暴雨,西北风
2013-08-23,30,小于3级,25,暴雨转大雨,东南风
2013-08-24,32,小于3级,25,雷阵雨,东南风
2013-08-25,34,小于3级,25,多云,北风
2013-08-26,34,小于3级,25,晴,北风
2013-08-27,35,小于3级,24,晴,南风
2013-08-28,35,小于3级,25,晴,南风
2013-08-29,33,小于3级,26,晴转雷阵雨,北风
2013-08-30,30,小于3级,24,大雨,东北风
2013-08-31,31,小于3级,24,阵雨转雷阵雨,北风
2013-09-01,32,小于3级,24,多云,北风
2013-09-02,31,小于3级,24,阴转雷阵雨,东风
2013-09-03,29,小于3级,24,阵雨转大雨,东风
2013-09-04,29,小于3级,24,大雨转雷阵雨,东风
2013-09-05,31,小于3级,24,多云,东风
2013-09-06,33,小于3级,24,晴,北风
2013-09-07,33,小于3级,24,晴,北风
2013-09-08,33,小于3级,24,晴,北风
2013-09-09,34,小于3级,25,晴,南风
2013-09-10,34,小于3级,25,多云,东北风
2013-09-11,33,小于3级,24,多云,北风
2013-09-12,32,小于3级,24,多云转雷阵雨,东北风
2013-09-13,33,小于3级,24,阴转雷阵雨,北风
2013-09-14,33,小于3级,24,多云,北风
2013-09-15,33,小于3级,24,多云转雷阵雨,东南风
2013-09-16,33,小于3级,23,晴,西风
2013-09-17,33,小于3级,23,晴,北风
2013-09-18,33,小于3级,22,晴,北风
2013-09-19,34,小于3级,24,晴,西北风
2013-09-20,34,小于3级,25,晴,西北风
2013-09-21,30,小于3级转5-6级,25,多云转大雨,北风
2013-09-22,27,6-7级,24,暴雨,西北风
2013-09-23,31,3-4级转小于3级,25,阵雨,东南风
2013-09-24,30,小于3级转3-4级,25,阴转阵雨,北风
2013-09-25,29,3-4级,21,多云,北风
2013-09-26,28,小于3级,21,多云,北风
2013-09-27,31,小于3级,21,多云,西北风
2013-09-28,30,小于3级,22,多云,北风
2013-09-29,27,小于3级,22,阵雨,北风
2013-09-30,27,小于3级,22,小雨转阴,北风
2013-10-01,31,小于3级,22,晴,北风
2013-10-02,31,小于3级,21,晴,北风
2013-10-03,30,小于3级,18,晴,北风
2013-10-04,30,小于3级,18,晴,北风
2013-10-05,30,小于3级,18,晴,北风
2013-10-06,31,小于3级,20,晴,北风
2013-10-07,29,3-4级转小于3级,21,晴转多云,北风
2013-10-08,28,小于3级,22,多云转阵雨,北风
2013-10-09,31,小于3级,22,多云,北风
2013-10-10,31,小于3级,21,晴,北风
2013-10-11,32,小于3级,23,晴,西北风
2013-10-12,33,小于3级,23,晴,北风
2013-10-13,33,小于3级,23,晴,西北风
2013-10-14,31,小于3级,22,晴~多云,北风
2013-10-15,25,3-4级,19,多云,西北风
2013-10-16,27,3-4级,19,多云转晴,北风
2013-10-17,28,小于3级,18,多云,北风
2013-10-18,28,小于3级,18,多云,西北风
2013-10-19,28,小于3级,18,晴,北风
2013-10-20,28,小于3级,18,晴,北风
2013-10-21,28,小于3级,18,晴,北风
2013-10-22,28,小于3级,17,晴,北风
2013-10-23,28,小于3级,17,晴,北风
2013-10-24,27,小于3级,17,晴,北风
2013-10-25,28,小于3级,14,晴,西北风
2013-10-26,26,小于3级,13,晴,北风
2013-10-27,27,小于3级,14,晴,北风
2013-10-28,27,小于3级,17,晴,北风
2013-10-29,28,小于3级,18,多云,西北风
2013-10-30,29,小于3级,19,晴,西北风
2013-10-31,30,小于3级,19,晴,北风
2013-11-01,29,小于3级,20,多云,北风
2013-11-02,27,3-4级转4-5级,22,多云转阵雨,东北风
2013-11-03,27,3-4级,21,多云,东北风
2013-11-04,27,小于3级,20,多云,北风
2013-11-05,27,小于3级,19,多云,北风
2013-11-06,29,小于3级,20,多云转晴,北风
2013-11-07,29,小于3级,19,晴,东北风
2013-11-08,30,小于3级,21,晴,北风
2013-11-09,27,小于3级,23,多云转小雨,北风
2013-11-10,26,小于3级转3-4级,22,小雨转阴,北风
2013-11-11,27,小于3级,20,阴转中雨,东南风
2013-11-12,20,3-4级,17,阵雨转阴,北风
2013-11-13,22,小于3级,15,阴转多云,北风
2013-11-14,23,小于3级,15,阴转多云,北风
2013-11-15,24,小于3级,14,晴,西北风
2013-11-16,24,小于3级,13,晴,北风
2013-11-17,22,3-4级转小于3级,14,多云转晴,北风
2013-11-18,23,小于3级,13,多云,北风
2013-11-19,20,小于3级,14,阴,北风
2013-11-20,23,小于3级,14,阴,北风
2013-11-21,24,小于3级,14,多云,北风
2013-11-22,25,小于3级,17,多云,北风
2013-11-23,24,小于3级,17,多云转小雨,北风
2013-11-24,21,3-4级转小于3级,13,多云转晴,北风
2013-11-25,21,小于3级,10,晴,西北风
2013-11-26,17,小于3级转3-4级,12,多云转小雨,北风
2013-11-27,16,3-4级,10,阵雨转多云,北风
2013-11-28,19,3-4级,8,晴,北风
2013-11-29,19,小于3级,5,晴,北风
2013-11-30,20,小于3级,8,晴,西北风
2013-12-01,22,小于3级,8,晴,西北风
2013-12-02,23,小于3级,8,晴,北风
2013-12-03,23,小于3级,8,晴,北风
2013-12-04,22,小于3级,8,晴,北风
2013-12-05,23,小于3级,9,晴,北风
2013-12-06,23,小于3级,9,晴,西北风
2013-12-07,23,小于3级,10,晴,北风
2013-12-08,24,小于3级,13,霾,北风
2013-12-09,21,小于3级,12,晴,北风
2013-12-10,19,小于3级,12,多云,西北风
2013-12-11,19,小于3级,13,多云,北风
2013-12-12,16,小于3级,12,阴转小雨,西北风
2013-12-13,16,小于3级,11,小雨,北风
2013-12-14,13,小于3级,11,大雨转暴雨,北风
2013-12-15,13,小于3级,11,大到暴雨,北风
2013-12-16,11,3-4级,8,大雨转中到大雨,东北风
2013-12-17,15,小于3级,6,多云,北风
2013-12-18,15,小于3级,6,晴,北风
2013-12-19,15,小于3级,5,晴,西风
2013-12-20,15,小于3级,5,晴,北风
2013-12-21,16,小于3级,6,晴,北风
2013-12-22,15,小于3级,5,晴,北风
2013-12-23,17,小于3级,5,晴,北风
2013-12-24,17,小于3级,7,晴,北风
2013-12-25,17,小于3级,7,晴,北风
2013-12-26,14,3-4级,6,晴,北风
2013-12-27,15,小于3级,5,晴,北风
2013-12-28,15,小于3级,4,晴,西北风
2013-12-29,15,小于3级,4,晴,北风
2013-12-30,16,小于3级,4,晴,北风
2013-12-31,20,小于3级,5,晴,西北风
2014-01-01,21,小于3级,6,晴转多云,北风
2014-01-02,23,小于3级,12,多云,北风
2014-01-03,20,小于3级,12,霾,北风
2014-01-04,20,小于3级,8,霾,西北风
2014-01-05,21,小于3级,10,霾,北风
2014-01-06,20,小于3级,10,多云,北风
2014-01-07,18,小于3级,13,小雨,西北风
2014-01-08,14,3-4级,10,阴,北风
2014-01-09,17,小于3级,9,多云,北风
2014-01-10,21,小于3级,11,多云,北风
2014-01-11,21,小于3级,12,多云,西风
2014-01-12,21,小于3级转3-4级,10,多云转阴,北风
2014-01-13,15,小于3级,7,多云,北风
2014-01-14,18,小于3级,5,晴,北风
2014-01-15,19,小于3级,4,晴,北风
2014-01-16,20,小于3级,5,晴,北风
2014-01-17,21,小于3级,8,霾,西北风
2014-01-18,21,小于3级,5,晴,西北风
2014-01-19,22,小于3级,5,晴,北风
2014-01-20,21,小于3级,6,晴,北风
2014-01-21,18,3-4级,5,晴,北风
2014-01-22,19,小于3级,0,晴,北风
2014-01-23,20,小于3级,5,晴,西北风
2014-01-24,22,小于3级,12,多云,北风
2014-01-25,22,小于3级,15,阴,北风
2014-01-26,23,小于3级,15,阴,北风
2014-01-27,23,小于3级,11,多云转晴,北风
2014-01-28,24,小于3级,10,晴,北风
2014-01-29,25,小于3级,11,晴,北风
2014-01-30,26,小于3级,11,晴,北风
2014-01-31,25,小于3级,12,晴,西北风
2014-02-01,25,小于3级,14,多云,北风
2014-02-02,25,小于3级,14,多云,北风
2014-02-03,26,小于3级,13,晴转多云,北风
2014-02-04,22,小于3级,14,多云转阴,南风
2014-02-05,24,小于3级,15,多云,南风
2014-02-06,23,小于3级,16,多云转阴,东风
2014-02-07,16,3-4级,10,小雨,北风
2014-02-08,11,3-4级,7,中雨,北风
2014-02-09,11,3-4级,7,小到中雨转小雨,北风
2014-02-10,9,3-4级,5,阴,北风
2014-02-11,10,3-4级,4,阴,北风
2014-02-12,7,3-4级,4,小雨,北风
2014-02-13,12,3-4级,4,阴,北风
2014-02-14,13,小于3级,6,多云转阴,东北风
2014-02-15,15,小于3级,8,阴转小雨,北风
2014-02-16,15,小于3级,9,小雨转阴,西北风
2014-02-17,21,小于3级,14,多云,北风
2014-02-18,9,3-4级,5,小雨转阴,北风
2014-02-19,15,小于3级,3,晴,北风
2014-02-20,18,小于3级,2,晴,北风
2014-02-21,19,小于3级,10,多云,北风
2014-02-22,19,小于3级,10,多云,北风
2014-02-23,22,小于3级,13,多云,西北风
2014-02-24,24,小于3级,14,多云,东南风
2014-02-25,22,小于3级,16,小雨转阴,北风
2014-02-26,25,小于3级,16,阴,西北风
2014-02-27,25,小于3级,16,多云,南风
2014-02-28,25,小于3级,17,阴,东南风
2014-03-01,20,3-4级,15,小雨,南风
2014-03-02,18,3-4级,14,小雨,北风
2014-03-03,18,小于3级,14,小雨,西北风
2014-03-04,19,小于3级,14,小雨转阴,北风
2014-03-05,17,小于3级,14,小雨,北风
2014-03-06,16,小于3级,13,小雨,东北风
2014-03-07,15,3-4级,12,小雨转阴,北风
2014-03-08,15,3-4级转小于3级,10,阴,北风
2014-03-09,16,小于3级,13,阴,北风
2014-03-10,17,小于3级,13,小雨转阴,东北风
2014-03-11,20,小于3级转3-4级,15,小雨转小到中雨,东风
2014-03-12,21,小于3级,13,阴,北风
2014-03-13,17,小于3级,13,小雨转阴,北风
2014-03-14,18,小于3级,13,阴,东北风
2014-03-15,19,小于3级,14,阴转多云,东南风
2014-03-16,23,小于3级,17,霾,东北风
2014-03-17,26,小于3级,19,霾,西南风
2014-03-18,27,小于3级,18,多云,西南风
2014-03-19,25,小于3级转3-4级,13,雷阵雨,北风
2014-03-20,18,3-4级转小于3级,13,阴转多云,北风
2014-03-21,21,小于3级,13,多云,东北风
2014-03-22,23,小于3级,14,多云,东风
2014-03-23,25,小于3级,14,晴转多云,东北风
2014-03-24,27,小于3级,16,多云,南风
2014-03-25,28,小于3级,17,多云,南风
2014-03-26,28,小于3级,17,多云,北风
2014-03-27,26,小于3级,19,多云转雷阵雨,南风
2014-03-28,26,小于3级,21,雷阵雨,南风
2014-03-29,23,小于3级,20,大到暴雨,东风
2014-03-30,22,小于3级,19,暴雨转中到大雨,东南风
2014-03-31,23,小于3级,19,雷阵雨转小雨,北风
2014-04-01,21,小于3级转3-4级,18,大雨转大到暴雨,东风
2014-04-02,22,小于3级,18,雷阵雨转阴,东南风
2014-04-03,27,小于3级,17,多云,北风
2014-04-04,26,小于3级,17,多云,东北风
2014-04-05,21,小于3级,18,中雨转大雨,西北风
2014-04-06,24,小于3级,19,阵雨,东北风
2014-04-07,24,小于3级,19,阵雨,北风
2014-04-08,27,小于3级,20,阴,东南风
2014-04-09,28,小于3级,20,多云,南风
2014-04-10,29,小于3级,21,多云,南风
2014-04-11,30,小于3级,22,多云,西南风
2014-04-12,30,小于3级,22,多云,南风
2014-04-13,28,小于3级,23,多云,北风
2014-04-14,27,小于3级,21,阴转多云,东南风
2014-04-15,28,小于3级,20,多云,东北风
2014-04-16,28,小于3级,21,阴转多云,西北风
2014-04-17,31,小于3级,21,多云,北风
2014-04-18,29,小于3级,20,多云,南风
2014-04-19,29,小于3级,22,多云,西北风
2014-04-20,29,小于3级,23,多云,东南风
2014-04-21,28,小于3级,23,多云转阵雨,西风
2014-04-22,27,小于3级,22,阵雨转阴,北风
2014-04-23,27,小于3级,21,小雨转阴,东风
2014-04-24,26,小于3级,22,阴,东南风
2014-04-25,28,小于3级,22,阴,东南风
2014-04-26,26,小于3级,20,阵雨转阴,北风
2014-04-27,28,小于3级,20,多云,西北风
2014-04-28,28,小于3级,20,多云,东北风
2014-04-29,22,小于3级,18,中雨转大雨,北风
2014-04-30,22,小于3级,18,阵雨,北风
2014-05-01,26,小于3级,19,多云,北风
2014-05-02,29,小于3级,22,多云转阴,东风
2014-05-03,26,小于3级转3-4级,19,中到大雨,东风
2014-05-04,23,小于3级,18,阵雨转阴,北风
2014-05-05,23,小于3级,18,阵雨,北风
2014-05-06,22,小于3级,19,中到大雨,东风
2014-05-07,23,小于3级,20,大雨转大到暴雨,东北风
2014-05-08,23,小于3级,20,暴雨,东风
2014-05-09,26,小于3级,21,雷阵雨转中到大雨,南风
2014-05-10,25,小于3级,21,大到暴雨转大雨,东南风
2014-05-11,27,小于3级,22,多云转阵雨,西北风
2014-05-12,29,小于3级,24,雷阵雨,南风
2014-05-13,31,小于3级,26,雷阵雨,南风
2014-05-14,32,小于3级,25,雷阵雨转多云,东南风
2014-05-15,31,小于3级,26,多云,东北风
2014-05-16,31,小于3级,25,雷阵雨,东北风
2014-05-17,31,小于3级,24,雷阵雨,南风
2014-05-18,30,小于3级,23,雷阵雨,北风
2014-05-19,31,小于3级,24,雷阵雨,西风
2014-05-20,29,小于3级,24,大雨,东风
2014-05-21,30,小于3级,26,大雨转中雨,南风
2014-05-22,29,小于3级,24,雷阵雨,东风
2014-05-23,31,小于3级,24,雷阵雨转多云,东北风
2014-05-24,33,小于3级,25,多云,南风
2014-05-25,34,小于3级,25,雷阵雨,西风
2014-05-26,33,小于3级,25,雷阵雨,西北风
2014-05-27,34,小于3级,25,多云,西北风
2014-05-28,34,小于3级,25,多云,西南风
2014-05-29,34,小于3级,25,多云,北风
2014-05-30,33,小于3级,25,雷阵雨转多云,南风
2014-05-31,35,小于3级,26,多云,西南风
2014-06-01,34,小于3级,26,多云转雷阵雨,南风
2014-06-02,33,小于3级,25,多云转雷阵雨,东南风
2014-06-03,33,小于3级,25,雷阵雨转多云,东南风
2014-06-04,33,小于3级,25,雷阵雨,东南风
2014-06-05,31,小于3级,23,雷阵雨转大雨,北风
2014-06-06,31,小于3级,23,雷阵雨转大雨,西南风
2014-06-07,31,小于3级,23,雷阵雨转大雨,西南风
2014-06-08,32,小于3级,24,雷阵雨,东风
2014-06-09,32,小于3级,24,雷阵雨,东风
2014-06-10,30,小于3级,25,雷阵雨,西北风
2014-06-11,34,小于3级,25,多云转晴,北风
2014-06-12,35,小于3级,25,晴,西北风
2014-06-13,35,小于3级,25,晴,北风
2014-06-14,34,小于3级,26,多云,北风
2014-06-15,34,小于3级,27,多云转雷阵雨,东南风
2014-06-16,34,小于3级,27,多云转雷阵雨,东南风
2014-06-17,33,小于3级,26,雷阵雨,西北风
2014-06-18,33,小于3级,26,雷阵雨,南风
2014-06-19,31,小于3级,26,雷阵雨转大雨,东南风
2014-06-20,31,小于3级,24,大雨,东风
2014-06-21,31,小于3级,25,大雨转中雨,南风
2014-06-22,32,小于3级,25,雷阵雨,南风
2014-06-23,32,小于3级,25,雷阵雨,东南风
2014-06-24,32,小于3级,26,雷阵雨转多云,东北风
2014-06-25,33,小于3级,26,多云转晴,西南风
2014-06-26,35,小于3级,26,多云,南风
2014-06-27,35,小于3级,26,多云,南风
2014-06-28,35,小于3级,26,多云,东风
2014-06-29,34,小于3级,26,多云转晴,东风
2014-06-30,34,小于3级,26,雷阵雨转多云,北风
2014-07-01,33,小于3级,25,多云,东北风
2014-07-02,34,小于3级,26,多云,南风
2014-07-03,34,小于3级,26,多云,西南风
2014-07-04,35,小于3级,26,多云,南风
2014-07-05,36,小于3级,26,晴转多云,东北风
2014-07-06,36,小于3级,26,多云,东风
2014-07-07,34,小于3级,26,雷阵雨,北风
2014-07-08,34,小于3级,26,雷阵雨,北风
2014-07-09,35,小于3级,26,多云,南风
2014-07-10,35,小于3级,26,雷阵雨,北风
2014-07-11,33,小于3级,26,雷阵雨,北风
2014-07-12,34,小于3级,26,多云转雷阵雨,北风
2014-07-13,34,小于3级,26,晴,北风
2014-07-14,35,小于3级,26,晴,南风
2014-07-15,35,小于3级,25,晴,东风
2014-07-16,32,小于3级,26,多云转雷阵雨,北风
2014-07-17,30,3-4级转小于3级,25,中到大雨,东南风
2014-07-18,31,3-4级,25,大雨,东风
2014-07-19,33,小于3级,25,雷阵雨转多云,东南风
2014-07-20,34,小于3级,26,多云,西北风
2014-07-21,35,小于3级,26,晴,西风
2014-07-22,36,小于3级,26,晴转多云,北风
2014-07-23,34,小于3级,26,雷阵雨,南风
2014-07-24,33,小于3级,26,雷阵雨,东风
2014-07-25,33,小于3级,25,雷阵雨,东北风
2014-07-26,33,小于3级,25,雷阵雨,东风
2014-07-27,34,小于3级,24,多云,西北风
2014-07-28,35,小于3级,25,多云转晴,北风
2014-07-29,35,小于3级,25,晴,西南风
2014-07-30,36,小于3级,26,晴,西北风
2014-07-31,36,小于3级,26,晴,北风
2014-08-01,35,小于3级,26,雷阵雨,南风
2014-08-02,35,小于3级,25,雷阵雨,东风
2014-08-03,35,小于3级,25,雷阵雨转多云,北风
2014-08-04,34,小于3级,26,雷阵雨,东北风
2014-08-05,34,小于3级,26,多云转雷阵雨,南风
2014-08-06,34,小于3级,26,雷阵雨,东南风
2014-08-07,33,小于3级,26,雷阵雨,西风
2014-08-08,33,小于3级,25,雷阵雨,西南风
2014-08-09,33,小于3级,25,雷阵雨,东南风
2014-08-10,33,小于3级,26,雷阵雨,南风
2014-08-11,33,小于3级,26,雷阵雨,南风
2014-08-12,30,小于3级,24,大雨,东南风
2014-08-13,31,小于3级,24,中到大雨转雷阵雨,东北风
2014-08-14,33,小于3级,25,多云,西南风
2014-08-15,34,小于3级,25,多云,西南风
2014-08-16,34,小于3级,25,多云,西南风
2014-08-17,34,小于3级,25,多云,北风
2014-08-18,32,小于3级,24,大雨转大到暴雨,南风
2014-08-19,30,小于3级,24,暴雨转大雨,西北风
2014-08-20,31,小于3级,25,雷阵雨转多云,东南风
2014-08-21,33,小于3级,25,雷阵雨转多云,西北风
2014-08-22,33,小于3级,25,多云,北风
2014-08-23,35,小于3级,25,多云,南风
2014-08-24,35,小于3级,25,晴,北风
2014-08-25,35,小于3级,25,晴转多云,东风
2014-08-26,33,小于3级,25,多云转雷阵雨,北风
2014-08-27,33,小于3级,25,多云,东风
2014-08-28,34,小于3级,25,多云,北风
2014-08-29,34,小于3级,25,晴,北风
2014-08-30,34,小于3级,25,晴,西北风
2014-08-31,33,小于3级,25,多云,东南风
2014-09-01,34,小于3级,24,晴,北风
2014-09-02,34,小于3级,25,晴,西风
2014-09-03,33,小于3级,25,多云转雷阵雨,北风
2014-09-04,32,小于3级,24,雷阵雨转多云,南风
2014-09-05,33,小于3级,24,雷阵雨转多云,北风
2014-09-06,34,小于3级,25,多云,东风
2014-09-07,33,小于3级,25,雷阵雨,北风
2014-09-08,34,小于3级,25,多云,西北风
2014-09-09,34,小于3级,25,多云,南风
2014-09-10,34,小于3级,25,多云,东风
2014-09-11,33,小于3级,25,多云转雷阵雨,北风
2014-09-12,33,小于3级,25,雷阵雨转多云,东北风
2014-09-13,34,小于3级,25,阵雨转多云,北风
2014-09-14,35,3-4级,25,多云转大雨,北风
2014-09-15,30,4-5级,25,大雨,东风
2014-09-16,31,3-4级转小于3级,25,中雨转阵雨,东风
2014-09-17,33,小于3级,25,多云,西北风
2014-09-18,35,小于3级,24,多云,西北风
2014-09-19,30,3-4级,23,晴,北风
2014-09-20,30,3-4级,23,晴,北风
2014-09-21,31,小于3级,23,多云,北风
2014-09-22,31,小于3级,23,多云,北风
2014-09-23,33,小于3级,23,晴,北风
2014-09-24,33,小于3级,23,晴,北风
2014-09-25,33,小于3级,24,晴,西北风
2014-09-26,33,小于3级,24,晴,北风
2014-09-27,33,小于3级,23,晴,北风
2014-09-28,34,小于3级,24,晴,西北风
2014-09-29,32,小于3级,24,多云,北风
2014-09-30,32,小于3级,24,多云,北风
2014-10-01,33,小于3级,23,多云,北风
2014-10-02,33,小于3级,23,多云,西北风
2014-10-03,33,小于3级,23,多云,北风
2014-10-04,31,小于3级,22,多云,北风
2014-10-05,30,小于3级,18,晴,东北风
2014-10-06,31,小于3级,18,晴,北风
2014-10-07,30,小于3级,18,晴,东北风
2014-10-08,30,小于3级,18,晴,西北风
2014-10-09,30,小于3级,21,晴,北风
2014-10-10,30,小于3级,21,晴,北风
2014-10-11,29,3-4级,19,晴,北风
2014-10-12,29,3-4级,19,晴,北风
2014-10-13,30,小于3级,17,晴,北风
2014-10-14,30,小于3级,17,晴,北风
2014-10-15,30,小于3级,18,晴,北风
2014-10-16,30,小于3级,18,晴,北风
2014-10-17,30,小于3级,19,晴,北风
2014-10-18,30,小于3级,19,晴,北风
2014-10-19,30,小于3级,20,多云,北风
2014-10-20,30,小于3级,20,多云,北风
2014-10-21,29,小于3级,21,多云,北风
2014-10-22,27,小于3级,20,多云,西北风
2014-10-23,27,小于3级,20,多云,西北风
2014-10-24,30,小于3级,21,阴转多云,西北风
2014-10-25,30,小于3级,21,阴转多云,北风
2014-10-26,30,小于3级,22,多云,北风
2014-10-27,30,小于3级,20,多云,西北风
2014-10-28,30,小于3级,21,多云,东北风
2014-10-29,31,小于3级,20,晴,东风
2014-10-30,31,小于3级,20,晴,北风
2014-10-31,31,小于3级,20,晴,北风
2014-11-01,24,3-4级转小于3级,18,阴转多云,北风
2014-11-02,25,小于3级,17,多云,东南风
2014-11-03,25,小于3级,17,多云,北风
2014-11-04,24,小于3级,20,小雨转阴,北风
2014-11-05,24,小于3级,20,小雨转阴,北风
2014-11-06,23,小于3级,19,阴转小雨,北风
2014-11-07,19,小于3级,16,中雨,北风
2014-11-08,19,小于3级,16,中雨,北风
2014-11-09,22,小于3级,18,阴转多云,北风
2014-11-10,20,小于3级,17,小雨,北风
2014-11-11,20,小于3级,17,小雨,北风
2014-11-12,23,小于3级,16,多云,北风
2014-11-13,23,小于3级,16,多云,北风
2014-11-14,25,小于3级,17,多云,西北风
2014-11-15,25,小于3级,17,多云,西北风
2014-11-16,22,小于3级,14,晴,北风
2014-11-17,22,小于3级,14,晴,北风
2014-11-18,24,小于3级,14,晴,西北风
2014-11-19,24,小于3级,14,晴,西北风
2014-11-20,26,小于3级,15,晴,北风
2014-11-21,26,小于3级,15,晴,西北风
2014-11-22,28,小于3级,17,晴,西北风
2014-11-23,28,小于3级,17,晴,西北风
2014-11-24,26,小于3级,16,多云,北风
2014-11-25,26,小于3级,16,多云,北风
2014-11-26,27,小于3级,20,多云,东风
2014-11-27,27,小于3级,20,多云,东南风
2014-11-28,26,小于3级,21,多云,东北风
2014-11-29,28,小于3级,22,小雨,东南风
2014-11-30,16,4-5级转3-4级,12,小雨,北风
2014-12-01,14,3-4级转小于3级,11,阴转小雨,北风
2014-12-02,15,小于3级转3-4级,9,中雨转中到大雨,北风
2014-12-03,13,3-4级,10,中雨转小雨,北风
2014-12-04,17,小于3级,8,多云,北风
2014-12-05,19,小于3级,9,多云,西北风
2014-12-06,17,小于3级,11,小雨,北风
2014-12-07,18,小于3级,11,小雨转多云,北风
2014-12-08,20,小于3级,14,多云,北风
2014-12-09,19,小于3级,14,多云转小雨,西北风
2014-12-10,18,3-4级,10,阴转多云,北风
2014-12-11,15,3-4级,10,多云,北风
2014-12-12,17,小于3级,7,晴,北风
2014-12-13,19,小于3级,6,晴,北风
2014-12-14,21,小于3级,8,多云,北风
2014-12-15,17,3-4级转4-5级,10,多云,北风
2014-12-16,15,4-5级转3-4级,6,晴,北风
2014-12-17,17,小于3级,5,晴,西北风
2014-12-18,14,小于3级,9,小雨,北风
2014-12-19,18,小于3级,7,多云转晴,西北风
2014-12-20,17,小于3级转3-4级,5,晴,北风
2014-12-21,16,3-4级转小于3级,5,晴,北风
2014-12-22,17,小于3级,8,多云,北风
2014-12-23,20,小于3级,11,阴,北风
2014-12-24,17,小于3级,13,多云转小雨,西北风
2014-12-25,17,小于3级,13,小雨,东北风
2014-12-26,18,小于3级,12,小雨,西北风
2014-12-27,16,小于3级,9,小雨转多云,北风
2014-12-28,18,小于3级,7,晴,北风
2014-12-29,19,小于3级,4,晴,北风
2014-12-30,22,小于3级,6,晴,北风
2014-12-31,18,3-4级,8,晴,西北风
2015-01-01,20,小于3级,6,晴,北风
2015-01-02,21,小于3级,7,晴,北风
2015-01-03,23,小于3级,8,晴转多云,西北风
2015-01-04,23,小于3级,14,多云转阴,南风
2015-01-05,24,小于3级,17,阴转小雨,东北风
2015-01-06,20,3-4级,14,小雨,北风
2015-01-07,18,3-4级转小于3级,10,多云,北风
2015-01-08,19,小于3级,6,晴,西北风
2015-01-09,18,小于3级,10,多云,北风
2015-01-10,18,小于3级,11,多云,北风
2015-01-11,14,小于3级,9,小雨转中雨,北风
2015-01-12,16,小于3级,9,中雨转小雨,西北风
2015-01-13,19,小于3级,7,多云转晴,东北风
2015-01-14,19,小于3级,6,晴,北风
2015-01-15,20,小于3级,5,晴,西北风
2015-01-16,19,小于3级,8,晴,西北风
2015-01-17,21,小于3级,8,晴,北风
2015-01-18,20,小于3级,8,晴,北风
2015-01-19,20,小于3级,7,晴转多云,北风
2015-01-20,23,小于3级,10,多云,北风
2015-01-21,21,小于3级,9,霾,西北风
2015-01-22,22,小于3级,7,晴,北风
2015-01-23,20,小于3级,10,多云转小雨,北风
2015-01-24,23,小于3级,14,多云,东风
2015-01-25,25,小于3级,15,多云,北风
2015-01-26,24,小于3级,14,多云,西北风
2015-01-27,21,小于3级,14,多云,东南风
2015-01-28,21,小于3级,13,多云,东南风
2015-01-29,18,小于3级,12,阴,北风
2015-01-30,17,小于3级,8,多云,北风
2015-01-31,18,小于3级,9,多云,北风
2015-02-01,19,小于3级,10,多云,东北风
2015-02-02,21,小于3级,11,多云,北风
2015-02-03,19,小于3级,12,多云,西北风
2015-02-04,14,3-4级,9,阴,北风
2015-02-05,17,小于3级,7,多云,北风
2015-02-06,16,小于3级,8,多云,西风
2015-02-07,18,小于3级,10,多云,北风
2015-02-08,19,小于3级,7,晴,西北风
2015-02-09,19,小于3级,7,晴,西北风
2015-02-10,20,小于3级,9,多云,北风
2015-02-11,20,小于3级,9,多云,北风
2015-02-12,20,小于3级,9,多云,北风
2015-02-13,23,小于3级,12,多云转小雨,北风
2015-02-14,23,小于3级,16,小雨转阴,北风
2015-02-15,24,小于3级,15,多云,北风
2015-02-16,23,小于3级,15,多云,西北风
2015-02-17,23,小于3级,14,多云,北风
2015-02-18,22,小于3级,15,多云,北风
2015-02-19,22,小于3级,16,阴转小雨,东南风
2015-02-20,22,小于3级,17,小雨,东风
2015-02-21,22,小于3级,17,小雨,西北风
2015-02-22,23,小于3级,18,中雨,东南风
2015-02-23,23,小于3级,19,中雨,东南风
2015-02-24,26,小于3级,18,阴,暂无实况
2015-02-25,26,小于3级,19,阴,东南风
2015-02-26,25,小于3级,20,阴,东北风
2015-02-27,25,小于3级,19,阴,东南风
2015-02-28,21,3-4级,13,小雨转阴,北风
2015-03-01,20,小于3级,13,多云,北风
2015-03-02,20,小于3级,14,阴转小雨,东风
2015-03-03,16,3-4级转小于3级,12,小雨,北风
2015-03-04,18,小于3级,12,小雨,北风
2015-03-05,17,小于3级,14,小雨,北风
2015-03-06,18,小于3级,11,阴,北风
2015-03-07,21,小于3级,14,阴转多云,西北风
2015-03-08,21,小于3级,16,阴,北风
2015-03-09,20,小于3级,15,阴转小雨,北风
2015-03-10,16,小于3级,13,阴转小雨,东北风
2015-03-11,15,小于3级,12,小雨,北风
2015-03-12,21,小于3级,13,多云,北风
2015-03-13,22,小于3级,15,多云,东风
2015-03-14,25,小于3级,18,阴,东风
2015-03-15,25,小于3级,20,阴,东北风
2015-03-16,26,小于3级,20,阴,东风
2015-03-17,26,小于3级,21,阴,南风
2015-03-18,27,小于3级,21,阴转多云,东风
2015-03-19,28,小于3级,21,多云,南风
2015-03-20,27,小于3级,20,多云,西北风
2015-03-21,25,小于3级,20,阴,北风
2015-03-22,25,小于3级,19,阴转雷阵雨,北风
2015-03-23,21,小于3级,17,阴,北风
2015-03-24,24,小于3级,17,阴,北风
2015-03-25,24,小于3级,17,阴,东北风
2015-03-26,23,小于3级,16,阴,西风
2015-03-27,26,小于3级,18,多云,西北风
2015-03-28,27,小于3级,18,多云,西北风
2015-03-29,26,小于3级,18,多云转阴,南风
2015-03-30,27,小于3级,21,多云,东南风
2015-03-31,29,小于3级,22,多云,南风
2015-04-01,28,小于3级,22,阴,东南风
2015-04-02,29,小于3级,23,多云,东南风
2015-04-03,29,小于3级,24,阴,东南风
2015-04-04,30,小于3级,24,多云,南风
2015-04-05,31,小于3级,21,多云,北风
2015-04-06,27,小于3级转3-4级,21,阴,北风
2015-04-07,21,3-4级,16,阵雨,东北风
2015-04-08,17,小于3级,12,小雨转阴,北风
2015-04-09,17,小于3级,14,小雨,北风
2015-04-10,15,小于3级,12,小到中雨转中到大雨,北风
2015-04-11,23,小于3级,14,多云,北风
2015-04-12,25,小于3级,13,多云转晴,北风
2015-04-13,27,小于3级,13,晴,西北风
2015-04-14,28,小于3级,11,晴,北风
2015-04-15,29,小于3级,14,晴,北风
2015-04-16,29,小于3级,15,晴转多云,西北风
2015-04-17,29,小于3级,20,多云,东风
2015-04-18,29,小于3级,23,多云,东南风
2015-04-19,26,小于3级,21,阵雨转中到大雨,西北风
2015-04-20,24,小于3级,18,阵雨转阴,北风
2015-04-21,27,小于3级,17,多云,北风
2015-04-22,27,小于3级,19,多云,北风
2015-04-23,27,小于3级,20,多云,北风
2015-04-24,28,小于3级,21,阴转阵雨,西北风
2015-04-25,29,小于3级,21,阴转多云,南风
2015-04-26,29,小于3级,21,多云,北风
2015-04-27,29,小于3级,21,多云,东南风
2015-04-28,29,小于3级,23,阴转雷阵雨,东南风
2015-04-29,29,小于3级,22,阵雨转雷阵雨,西北风
2015-04-30,31,小于3级,23,阴转多云,南风
2015-05-01,30,小于3级,23,雷阵雨,东南风
2015-05-02,31,小于3级,25,阴,东南风
2015-05-03,31,小于3级,24,多云转雷阵雨,东南风
2015-05-04,31,小于3级,24,雷阵雨,西南风
2015-05-05,30,小于3级,24,雷阵雨,东北风
2015-05-06,29,小于3级,24,雷阵雨,东风
2015-05-07,29,小于3级,24,雷阵雨,东风
2015-05-08,31,小于3级,24,雷雨,东风
2015-05-09,31,小于3级,24,雷雨,东风
2015-05-10,28,小于3级,23,雷雨~大雨,东风
2015-05-11,29,小于3级,20,大雨~小雨,东风
2015-05-12,29,小于3级,20,多云,西北风
2015-05-13,30,小于3级,23,多云~阴,东南风
2015-05-14,30,小于3级,24,雷雨~阴,东南风
2015-05-15,32,小于3级,25,雷雨,东南风
2015-05-16,28,小于3级,23,大雨,东北风
2015-05-17,26,小于3级,23,大雨~雷雨,东南风
2015-05-18,29,小于3级,24,中雨~雷雨,东南风
2015-05-19,32,小于3级,26,雷雨,东南风
2015-05-20,29,小于3级,23,大到暴雨,西北风
2015-05-21,28,小于3级,23,大雨~中雨,东南风
2015-05-22,32,小于3级,26,雷阵雨,东北风
2015-05-23,26,小于3级,22,大雨~,微风
2015-05-24,27,小于3级,23,小雨,微风
2015-05-25,31,小于3级,25,阵雨,东北风
2015-05-26,32,小于3级,26,雷雨,东北风
2015-05-27,32,小于3级,25,雷雨~,东南风
2015-05-28,33,小于3级,26,多云,东南风
2015-05-29,34,小于3级,27,多云,东南风
2015-05-30,33,小于3级,25,雷雨,东北风
2015-05-31,31,小于3级,26,雷雨,西北风
2015-06-01,32,小于3级,26,雷雨,东南风
2015-06-02,34,小于3级,27,阵雨~多云,东南风
2015-06-03,35,小于3级,27,多云,东南风
2015-06-04,35,小于3级,25,雷雨~中到大雨,东北风
2015-06-05,32,小于3级,25,阴~雷雨,东南风
2015-06-06,33,小于3级,26,雷雨~多云,西北风
2015-06-07,34,小于3级,26,雷雨,东南风
2015-06-08,34,小于3级,27,雷雨~多云,东南风
2015-06-09,34,小于3级,26,雷雨,东北风
2015-06-10,33,小于3级,27,雷雨,东北风
2015-06-11,34,小于3级,27,雷雨,西北风
2015-06-12,34,小于3级,26,雷雨~多云,无持续风向
2015-06-13,34,小于3级,25,雷雨~多云,西北风
2015-06-14,35,小于3级,27,雷雨~多云,东南风
2015-06-15,35,小于3级,24,多云,东北风
2015-06-16,35,小于3级,26,晴,西北风
2015-06-17,35,小于3级,27,晴,西南风
2015-06-18,35,小于3级,27,晴,东南风
2015-06-19,35,小于3级,27,晴,东南风
2015-06-20,35,小于3级,28,晴~多云,东北风
2015-06-21,35,小于3级,27,雷雨~多云,东北风
2015-06-22,33,小于3级,25,雷雨~中到大雨,东南风
2015-06-23,30,小于3级,25,大雨,东北风
2015-06-24,31,小于3级,26,中到大雨~雷雨,东南风
2015-06-25,33,小于3级,26,雷雨,东南风
2015-06-26,34,小于3级,27,雷雨~多云,东南风
2015-06-27,35,小于3级,27,晴,东南风
2015-06-28,35,小于3级,28,晴,东南风
2015-06-29,35,小于3级,28,晴,东南风
2015-06-30,36,小于3级,28,晴,东南风
2015-07-01,36,小于3级,28,晴,东南风
2015-07-02,36,小于3级,28,晴~多云,东南风
2015-07-03,36,小于3级,28,多云,东南风
2015-07-04,36,小于3级,27,雷雨,东南风
2015-07-05,32,小于3级,25,雷雨,西北风
2015-07-06,32,小于3级,26,阵雨~阴,西北风
2015-07-07,32,小于3级,26,多云,西北风
2015-07-08,32,小于3级,25,多云~阴,东北风
2015-07-09,30,小于3级,25,中到大雨~阵雨,东北风
2015-07-10,32,小于3级,25,多云,东北风
2015-07-11,34,小于3级,26,晴,西北风
2015-07-12,35,小于3级,27,晴,西北风
2015-07-13,36,小于3级,27,晴,东北风
2015-07-14,36,小于3级,28,晴~多云,东南风
2015-07-15,36,小于3级,28,多云,东南风
2015-07-16,35,小于3级,26,多云~中到大雨,西北风
2015-07-17,32,小于3级,26,雷阵雨,微风
2015-07-18,33,小于3级,26,雷阵雨,东南风
2015-07-19,34,小于3级,25,雷阵雨,西北风
2015-07-20,33,小于3级,25,大雨,西北风
2015-07-21,29,小于3级,25,大雨~中雨,东南风
2015-07-22,32,小于3级,26,阴,西北风
2015-07-23,32,小于3级,25,雷阵雨~大雨,东南风
2015-07-24,29,小于3级,25,大雨,东南风
2015-07-25,32,小于3级,25,雷阵雨,东南风
2015-07-26,32,小于3级,26,雷阵雨,东南风
2015-07-27,32,小于3级,26,雷阵雨~多云,微风
2015-07-28,33,小于3级,25,雷阵雨,微风
2015-07-29,32,小于3级,25,雷阵雨~多云,东南风
2015-07-30,31,小于3级,25,雷阵雨~多云,东北风
2015-07-31,33,小于3级,25,雷阵雨~多云,东南风
2015-08-01,34,小于3级,25,多云~晴,东北风
2015-08-02,34,小于3级,26,晴,西北风
2015-08-03,35,小于3级,26,晴,东北风
2015-08-04,35,小于3级,26,晴,西北风
2015-08-05,35,小于3级,26,晴,微风
2015-08-06,35,小于3级,27,晴,西北风
2015-08-07,36,小于3级,27,晴,西北风
2015-08-08,36,小于3级,28,晴~多云,东北风
2015-08-09,36,小于3级,26,雷阵雨,微风
2015-08-10,32,小于3级,25,雷阵雨,西北风
2015-08-11,31,小于3级,26,雷阵雨~阴,东北风
2015-08-12,33,小于3级,26,雷阵雨,东南风
2015-08-13,33,小于3级,26,雷阵雨,西北风
2015-08-14,31,小于3级,26,雷阵雨,东南风
2015-08-15,31,小于3级,25,雷阵雨,东北风
2015-08-16,32,小于3级,25,雷阵雨~多云,微风
2015-08-17,34,小于3级,27,多云~晴,西北风
2015-08-18,35,小于3级,27,晴,东南风
2015-08-19,36,小于3级,28,晴~多云,西北风
2015-08-20,35,小于3级,28,雷阵雨~多云,西北风
2015-08-21,35,小于3级,27,晴,西北风
2015-08-22,35,小于3级,27,晴,西北风
2015-08-23,35,小于3级,27,晴,东北风
2015-08-24,35,小于3级,27,晴,西北风
2015-08-25,35,小于3级,25,晴,西北风
2015-08-26,35,小于3级,26,晴~多云,西北风
2015-08-27,34,小于3级,26,雷阵雨,西北风
2015-08-28,33,小于3级,26,雷阵雨,西北风
2015-08-29,31,小于3级,25,雷阵雨,东北风
2015-08-30,30,小于3级,24,大雨~雷阵雨,微风
2015-08-31,30,小于3级,25,大雨~雷阵雨,东北风
2015-09-01,30,小于3级,25,大到暴雨~雷阵雨,东北风
2015-09-02,30,小于3级,25,雷阵雨~多云,东南风
2015-09-03,31,小于3级,25,雷阵雨~多云,东北风
2015-09-04,33,小于3级,25,晴,西北风
2015-09-05,34,小于3级,26,晴~多云,西南风
2015-09-06,35,小于3级,26,晴~雷阵雨,西北风
2015-09-07,29,小于3级,26,中到大雨~雷阵雨,西南风
2015-09-08,32,小于3级,25,雷阵雨~多云,西北风
2015-09-09,33,小于3级,25,多云,西北风
2015-09-10,32,小于3级,26,晴,东南风
2015-09-11,32,小于3级,26,多云,东南风
2015-09-12,32,小于3级,24,多云,东北风
2015-09-13,30,小于3级,24,多云,东北风
2015-09-14,31,小于3级,23,多云,西北风
2015-09-15,32,小于3级,25,多云,西北风
2015-09-16,32,小于3级,25,多云,西北风
2015-09-17,33,小于3级,25,晴,西北风
2015-09-18,33,小于3级,26,晴~多云,东南风
2015-09-19,33,小于3级,25,雷阵雨,东南风
2015-09-20,30,小于3级,24,中雨~中到大雨,西北风
2015-09-21,29,小于3级,23,中雨~阵雨,西北风
2015-09-22,31,小于3级,24,多云,东北风
2015-09-23,33,小于3级,26,多云~晴,西南风
2015-09-24,34,小于3级,26,晴,东北风
2015-09-25,34,小于3级,26,晴~多云,西北风
2015-09-26,32,小于3级,26,多云,西北风
2015-09-27,34,小于3级,25,晴,东北风
2015-09-28,33,小于3级,25,晴~多云,东北风
2015-09-29,33,小于3级,25,多云,西北风
2015-09-30,32,小于3级,26,多云,东北风
2015-10-01,32,小于3级,24,多云~晴,东北风
2015-10-02,31,小于3级,25,晴,西北风
2015-10-03,31,小于3级,24,多云~阵雨,东北风
2015-10-04,27,小于3级,24,大到暴雨~小到中雨,东北风
2015-10-05,28,小于3级,24,中雨~阵雨,东南风
2015-10-06,28,小于3级,24,阵雨~中雨,东北风
2015-10-07,28,小于3级,24,中雨~阵雨,西北风
2015-10-08,30,小于3级,24,阴,西北风
2015-10-09,29,小于3级,21,晴,东北风
2015-10-10,27,小于3级,19,多云~小到中雨,东北风
2015-10-11,21,小于3级,18,小雨,西北风
2015-10-12,25,小于3级,17,多云,西北风
2015-10-13,27,小于3级,19,多云~晴,西北风
2015-10-14,30,小于3级,19,晴,西北风
2015-10-15,30,小于3级,20,霾,西北风
2015-10-16,31,小于3级,20,晴,西北风
2015-10-17,31,小于3级,19,晴,西北风
2015-10-18,31,小于3级,19,晴,西北风
2015-10-19,31,小于3级,20,晴,西北风
2015-10-20,29,小于3级,21,多云,西北风
2015-10-21,30,小于3级,21,多云,西北风
2015-10-22,31,小于3级,22,多云,西北风
2015-10-23,31,小于3级,22,晴,西北风
2015-10-24,31,小于3级,22,晴~多云,西北风
2015-10-25,29,小于3级,24,多云,西北风
2015-10-26,31,小于3级,23,多云,西北风
2015-10-27,29,小于3级,22,小雨~多云,西北风
2015-10-28,30,小于3级,23,多云,东南风
2015-10-29,31,小于3级,24,多云~晴,西北风
2015-10-30,30,小于3级,20,多云~小雨,东北风
2015-10-31,25,小于3级,18,小雨~多云,西北风
2015-11-01,22,小于3级,16,多云,西北风
2015-11-02,24,小于3级,17,多云,西北风
2015-11-03,26,小于3级,19,多云,西北风
2015-11-04,28,小于3级,20,多云,西北风
2015-11-05,30,小于3级,22,多云,东南风
2015-11-06,29,小于3级,23,多云,西北风
2015-11-07,29,小于3级,24,多云,微风
2015-11-08,30,小于3级,23,多云,西北风
2015-11-09,28,小于3级,20,小雨~阴,东北风
2015-11-10,25,小于3级,20,阴,微风
2015-11-11,25,小于3级,21,阴,西北风
2015-11-12,25,小于3级,19,阴~小到中雨,西北风
2015-11-13,19,小于3级,17,中到大雨,东北风
2015-11-14,23,小于3级,18,阴~多云,西北风
2015-11-15,27,小于3级,22,阴~小到中雨,东南风
2015-11-16,27,小于3级,22,小雨~阴,东南风
2015-11-17,29,小于3级,21,多云,西北风
2015-11-18,30,小于3级,21,多云,西北风
2015-11-19,29,小于3级,22,多云,西北风
2015-11-20,29,小于3级,21,多云~阴,西北风
2015-11-21,27,小于3级,21,小雨~多云,西北风
2015-11-22,28,小于3级,20,多云,西北风
2015-11-23,29,小于3级,20,多云~阴,东北风
2015-11-24,28,小于3级,16,晴~多云,西北风
2015-11-25,21,小于3级,13,多云,西北风
2015-11-26,20,小于3级,10,晴,东北风
2015-11-27,20,小于3级,12,晴~多云,西北风
2015-11-28,21,小于3级,14,阴~多云,西北风
2015-11-29,22,小于3级,15,多云,西北风
2015-11-30,23,小于3级,16,多云,西北风
2015-12-01,23,小于3级,18,多云,西北风
2015-12-02,26,小于3级,14,小雨,东北风
2015-12-03,17,小于3级,13,小雨~阴,西北风
2015-12-04,17,小于3级,13,小雨~阴,西北风
2015-12-05,16,小于3级,12,中到大雨~中雨,东北风
2015-12-06,17,小于3级,11,多云,西北风
2015-12-07,18,小于3级,11,多云,西北风
2015-12-08,17,小于3级,12,多云~小到中雨,西北风
2015-12-09,15,小于3级,12,大雨~中雨,西北风
2015-12-10,19,小于3级,12,多云,西北风
2015-12-11,20,小于3级,14,多云,东北风
2015-12-12,19,小于3级,15,多云,东南风
2015-12-13,21,小于3级,15,小雨,西北风
2015-12-14,17,小于3级,12,小雨~阴,西北风
2015-12-15,18,小于3级,10,多云,东北风
2015-12-16,17,小于3级,7,多云,东北风
2015-12-17,15,小于3级,6,晴,无持续风向
2015-12-18,16,小于3级,7,晴,西北风
2015-12-19,19,小于3级,10,晴~多云,西北风
2015-12-20,19,小于3级,14,多云~小雨,西北风
2015-12-21,19,小于3级,16,小雨~阴,西北风
2015-12-22,20,小于3级,17,阴,东北风
2015-12-23,24,小于3级,18,霾,微风
2015-12-24,25,小于3级,13,小雨,西北风
2015-12-25,16,小于3级,12,多云,东北风
2015-12-26,16,小于3级,12,小雨,西北风
2015-12-27,16,小于3级,11,小雨~阴,东北风
2015-12-28,18,小于3级,11,多云,东北风
2015-12-29,17,小于3级,11,阴~小雨,西北风
2015-12-30,16,小于3级,11,小雨~阴,东北风
2015-12-31,18,小于3级,11,多云,西北风
2016-01-01,21,小于3级,12,晴~多云,西北风
2016-01-02,22,小于3级,15,多云~阴,西北风
2016-01-03,24,小于3级,18,阴,东北风
2016-01-04,24,小于3级,18,小雨,东南风
2016-01-05,22,小于3级,16,中到大雨~小雨,东北风
2016-01-06,24,小于3级,12,晴~多云,东北风
2016-01-07,20,小于3级,13,多云,西北风
2016-01-08,21,小于3级,14,多云,西北风
2016-01-09,19,小于3级,14,多云~阴,东南风
2016-01-10,19,小于3级,13,小到中雨~中到大雨,东北风
2016-01-11,17,小于3级,11,多云,西北风
2016-01-12,17,小于3级,12,阴,东北风
2016-01-13,18,小于3级,10,多云,西北风
2016-01-14,17,小于3级,12,阴~小到中雨,东北风
2016-01-15,14,小于3级,12,中雨~小到中雨,东北风
2016-01-16,15,小于3级,12,小雨~中雨,东北风
2016-01-17,16,小于3级,9,小雨~多云,西北风
2016-01-18,19,小于3级,10,晴~多云,西北风
2016-01-19,17,小于3级,12,多云~小雨,西北风
2016-01-20,15,小于3级,12,小雨,西北风
2016-01-21,14,小于3级,10,小到中雨,西北风
2016-01-22,9,小于3级,4,小到中雨~小雨,东北风
2016-01-23,6,小于3级,2,阴,东北风
2016-01-24,6,小于3级,0,小雨~多云,东北风
2016-01-25,9,小于3级,2,多云,西北风
2016-01-26,11,小于3级,9,小雨~中到大雨,西北风
2016-01-27,10,小于3级,6,中到大雨,西北风
2016-01-28,14,小于3级,10,大到暴雨,东北风
2016-01-29,18,小于3级,11,小雨~阴,西北风
2016-01-30,18,小于3级,11,多云~阴,东北风
2016-01-31,15,小于3级,8,小雨~中到大雨,东北风
2016-02-01,9,小于3级,7,中雨~小雨,西北风
2016-02-02,10,小于3级,6,小雨~阴,东北风
2016-02-03,13,小于3级,7,阴,西北风
2016-02-04,15,小于3级,8,阴~多云,东北风
2016-02-05,16,小于3级,7,多云~晴,东北风
2016-02-06,16,小于3级,6,晴,西北风
2016-02-07,17,小于3级,5,晴,西北风
2016-02-08,20,小于3级,6,晴~多云,西北风
2016-02-09,22,小于3级,7,晴~多云,西北风
2016-02-10,21,小于3级,15,小雨,东北风
2016-02-11,22,小于3级,17,小雨,东南风
2016-02-12,24,小于3级,20,小雨,东南风
2016-02-13,27,小于3级,17,阴~小雨,东南风
2016-02-14,19,小于3级,8,阴,东北风
2016-02-15,12,小于3级,9,阴,东北风
2016-02-16,14,小于3级,8,阴~多云,西北风
2016-02-17,15,小于3级,11,阴,西北风
2016-02-18,16,小于3级,12,多云~阴,东北风
2016-02-19,15,小于3级,11,小雨~阴,东北风
2016-02-20,20,小于3级,10,多云,西北风
2016-02-21,18,小于3级,14,阴~小雨,东南风
2016-02-22,16,小于3级,11,小雨,西北风
2016-02-23,14,小于3级,10,小雨,东北风
2016-02-24,13,小于3级,10,阴,东北风
2016-02-25,14,小于3级,11,阴,西北风
2016-02-26,14,小于3级,11,阴~多云,东北风
2016-02-27,19,小于3级,9,晴,西北风
2016-02-28,21,小于3级,10,晴,西北风
2016-02-29,23,小于3级,9,晴,西北风
2016-03-01,25,小于3级,11,晴,西南风
2016-03-02,24,小于3级,12,晴,西北风
2016-03-03,24,小于3级,13,晴~多云,西北风
2016-03-04,24,小于3级,16,多云,西北风
2016-03-05,24,小于3级,18,多云,西北风
2016-03-06,25,小于3级,18,多云,东北风
2016-03-07,27,小于3级,18,多云,东南风
2016-03-08,25,小于3级,19,多云,东南风
2016-03-09,21,小于3级,10,大雨,无持续风向
2016-03-10,11,小于3级,8,大雨~小雨,西北风
2016-03-11,11,小于3级,7,阴,东北风
2016-03-12,14,小于3级,9,阴,西北风
2016-03-13,14,小于3级,11,中雨~小雨,西北风
2016-03-14,18,小于3级,12,多云~阴,东南风
2016-03-15,17,小于3级,14,阴,东北风
2016-03-16,17,小于3级,13,小雨,东北风
2016-03-17,17,小于3级,14,小雨,东北风
2016-03-18,21,小于3级,18,小到中雨~小雨,东南风
2016-03-19,25,小于3级,20,小雨~中雨,微风
2016-03-20,23,小于3级,19,中到大雨~大雨,东南风
2016-03-21,21,小于3级,18,大到暴雨~暴雨,东北风
2016-03-22,20,小于3级,18,大雨,西南风
2016-03-23,20,小于3级,14,大到暴雨~大雨,东北风
2016-03-24,16,小于3级,12,中雨~小雨,东北风
2016-03-25,18,小于3级,9,阴~多云,东北风
2016-03-26,21,小于3级,10,晴,西北风
2016-03-27,23,小于3级,10,晴,西北风
2016-03-28,23,小于3级,11,晴~多云,西北风
2016-03-29,23,小于3级,16,多云,西北风
2016-03-30,23,小于3级,18,阴,东北风
2016-03-31,25,小于3级,19,多云,东北风
2016-04-01,27,小于3级,20,阴~多云,东南风
2016-04-02,27,小于3级,20,阴,东南风
2016-04-03,26,小于3级,20,雷阵雨~中到大雨,东南风
2016-04-04,24,小于3级,20,中到大雨~阵雨,西南风
2016-04-05,27,小于3级,21,阴,西南风
2016-04-06,27,小于3级,22,阴,东南风
2016-04-07,28,小于3级,21,雷阵雨,东南风
2016-04-08,28,小于3级,23,多云,东南风
2016-04-09,29,小于3级,22,阵雨~多云,西北风
2016-04-10,25,小于3级,21,中雨~阵雨,东北风
2016-04-11,25,小于3级,21,阴,东南风
2016-04-12,25,小于3级,20,中到大雨,东南风
2016-04-13,25,小于3级,20,阵雨,东南风
2016-04-14,27,小于3级,23,阵雨~多云,东南风
2016-04-15,27,小于3级,22,小雨,东南风
2016-04-16,26,小于3级,23,雷阵雨,东南风
2016-04-17,27,小于3级,19,大雨~大到暴雨,无持续风向
2016-04-18,25,小于3级,19,阵雨~多云,西北风
2016-04-19,26,小于3级,21,多云,东南风
2016-04-20,26,小于3级,21,中雨~大雨,西北风
2016-04-21,26,小于3级,21,中到大雨,东南风
2016-04-22,26,小于3级,22,中到大雨,东南风
2016-04-23,26,小于3级,21,大到暴雨,东北风
2016-04-24,26,小于3级,21,大雨,东北风
2016-04-25,29,小于3级,23,雷阵雨,东南风
2016-04-26,28,小于3级,23,大雨~雷阵雨,微风
2016-04-27,30,小于3级,22,多云,无持续风向
2016-04-28,31,小于3级,22,多云,西北风
2016-04-29,29,小于3级,22,多云,东北风
2016-04-30,27,小于3级,22,雷阵雨~多云,东北风
2016-05-01,28,小于3级,21,多云,东南风
2016-05-02,29,小于3级,23,多云~雷阵雨,东南风
2016-05-03,30,小于3级,24,多云,东南风
2016-05-04,30,小于3级,23,多云,东南风
2016-05-05,31,小于3级,24,雷阵雨,东南风
2016-05-06,31,小于3级,25,雷阵雨,西北风
2016-05-07,31,小于3级,25,多云,东南风
2016-05-08,32,小于3级,25,多云,东南风
2016-05-09,32,小于3级,24,雷阵雨~大到暴雨,东南风
2016-05-10,29,小于3级,23,雷阵雨~阵雨,西北风
2016-05-11,31,小于3级,21,晴,西北风
2016-05-12,32,小于3级,23,多云,微风
2016-05-13,31,小于3级,24,多云,西北风
2016-05-14,31,小于3级,25,多云,东北风
2016-05-15,30,小于3级,20,中到大雨~阴,西北风
2016-05-16,27,小于3级,19,多云,西北风
2016-05-17,28,小于3级,20,多云,东南风
2016-05-18,28,小于3级,23,多云,西南风
2016-05-19,29,小于3级,24,多云,东南风
2016-05-20,27,小于3级,22,暴雨,东南风
2016-05-21,27,小于3级,23,阵雨~多云,东北风
2016-05-22,31,小于3级,23,晴,西北风
2016-05-23,31,小于3级,24,晴~多云,东北风
2016-05-24,32,小于3级,24,多云,东南风
2016-05-25,33,小于3级,26,多云,东南风
2016-05-26,33,小于3级,25,多云~雷阵雨,东北风
2016-05-27,31,小于3级,25,大雨~雷阵雨,东南风
2016-05-28,30,小于3级,25,中雨,东北风
2016-05-29,32,小于3级,26,雷阵雨,西北风
2016-05-30,33,小于3级,26,多云,东南风
2016-05-31,35,小于3级,27,多云,东南风
2016-06-01,35,小于3级,27,晴,东南风
2016-06-02,35,小于3级,27,晴,东南风
2016-06-03,35,小于3级,27,雷阵雨,东北风
2016-06-04,35,小于3级,24,雷阵雨~大雨,西北风
2016-06-05,29,小于3级,24,大到暴雨~中到大雨,西北风
2016-06-06,30,小于3级,24,雷阵雨~多云,东北风
2016-06-07,32,小于3级,25,多云~雷阵雨,微风
2016-06-08,31,小于3级,24,雷阵雨,微风
2016-06-09,31,小于3级,25,雷阵雨,西北风
2016-06-10,32,小于3级,25,雷阵雨,东北风
2016-06-11,31,小于3级,26,大雨,东北风
2016-06-12,31,小于3级,25,大雨~中到大雨,西北风
2016-06-13,31,小于3级,25,中到大雨~雷阵雨,西北风
2016-06-14,33,小于3级,25,大雨~大到暴雨,西北风
2016-06-15,33,小于3级,25,大到暴雨,东北风
2016-06-16,31,小于3级,25,中到大雨~雷阵雨,西南风
2016-06-17,32,小于3级,26,雷阵雨~多云,东北风
2016-06-18,34,小于3级,26,多云~晴,东南风
2016-06-19,35,小于3级,26,晴~多云,西南风
2016-06-20,33,小于3级,26,晴,东南风
2016-06-21,35,小于3级,27,晴,东南风
2016-06-22,36,小于3级,26,多云,东南风
2016-06-23,35,小于3级,27,晴,东南风
2016-06-24,35,小于3级,27,晴~雷阵雨,无持续风向
2016-06-25,35,小于3级,27,多云,东北风
2016-06-26,35,小于3级,28,晴~多云,东南风
2016-06-27,36,小于3级,27,晴~多云,西北风
2016-06-28,33,小于3级,26,雷阵雨,西北风
2016-06-29,32,小于3级,26,雷阵雨,东北风
2016-06-30,31,小于3级,26,中雨~中到大雨,东南风
2016-07-01,32,小于3级,26,中雨~雷阵雨,东南风
2016-07-02,32,小于3级,26,中雨,东南风
2016-07-03,33,小于3级,26,中雨~中到大雨,东南风
2016-07-12,32,小于3级,26,雷阵雨,西南风
2016-07-13,31,小于3级,26,雷阵雨,北风
2016-07-14,33,小于3级,26,雷阵雨,东南风
2016-07-15,34,小于3级,26,雷阵雨转多云,东北风
2016-07-16,35,小于3级,27,晴,东风
2016-07-17,35,小于3级,27,晴,东风
2016-07-18,35,小于3级,27,晴转多云,南风
2016-07-19,35,小于3级,27,多云,东南风
2016-07-20,35,小于3级,27,多云,东南风
2016-07-21,36,小于3级,27,晴,南风
2016-07-22,36,小于3级,27,晴,东风
2016-07-23,36,小于3级,27,晴,东南风
2016-07-24,36,小于3级,27,晴,西南风
2016-07-25,37,小于3级,28,晴,南风
2016-07-26,36,小于3级,26,多云,东南风
2016-07-27,34,小于3级,27,雷阵雨,东南风
2016-07-28,35,小于3级,27,多云,西风
2016-07-29,36,小于3级,27,晴,南风
2016-07-30,37,小于3级,28,晴,西北风
2016-07-31,37,小于3级,27,雷阵雨,南风
2016-08-01,35,微风,25,雷阵雨,微风
2016-08-02,29,1级,25,大暴雨,微风
2016-08-03,31,1级,25,雷阵雨,东风
2016-08-04,32,2级,26,多云,东南风
2016-08-05,34,1级,26,多云,北风
2016-08-06,35,1级,27,晴,东北风
2016-08-07,36,1级,27,晴,东风
2016-08-08,35,1级,27,雷阵雨,东北风
2016-08-09,34,2级,25,雷阵雨,北风
2016-08-10,31,1级,26,中到大雨,北风
2016-08-11,32,1级,26,雷阵雨,西南风
2016-08-12,30,1级,26,大雨,东北风
2016-08-13,32,1级,25,雷阵雨,东北风
2016-08-14,32,1级,26,中雨,南风
2016-08-15,31,微风,25,大雨,南风
2016-08-16,31,1级,25,大雨,东风
2016-08-17,31,2级,25,雷阵雨,东南风
2016-08-18,30,2级,25,大雨,东风
2016-08-19,32,1级,26,雷阵雨,东南风
2016-08-20,34,微风,26,多云,西南风
2016-08-21,35,2级,27,雷阵雨,南风
2016-08-22,35,2级,27,多云,东南风
2016-08-23,35,微风,27,多云,西风
2016-08-24,36,1级,28,多云,东北风
2016-08-25,36,1级,27,多云,东北风
2016-08-26,35,1级,25,雷阵雨,北风
2016-08-27,32,2级,24,雷阵雨,东北风
2016-08-28,33,2级,26,多云,东北风
2016-08-29,33,2级,26,晴,东北风
2016-08-30,32,1级,25,多云,西南风
2016-08-31,33,1级,25,雷阵雨,东风
2016-09-01,32,1级,25,中到大雨,北风
2016-09-02,31,1级,25,中到大雨,东南风
2016-09-03,31,1级,25,中雨,东南风
2016-09-04,31,1级,26,雷阵雨,东风
2016-09-05,32,2级,26,雷阵雨,东风
2016-09-06,33,1级,26,雷阵雨,东北风
2016-09-07,31,1级,25,中雨,西风
2016-09-08,32,1级,26,雷阵雨,东北风
2016-09-09,32,1级,26,雷阵雨,东风
2016-09-10,30,1级,25,大雨,东北风
2016-09-11,30,1级,25,小到中雨,南风
2016-09-12,33,1级,24,多云,北风
2016-09-13,35,1级,26,多云,东北风
2016-09-14,35,1级,26,多云,东北风
2016-09-15,34,1级,25,晴,北风
2016-09-16,34,2级,25,晴,东北风
2016-09-17,34,1级,25,晴,东北风
2016-09-18,33,2级,25,晴,北风
2016-09-19,32,2级,23,晴,北风
2016-09-20,31,1级,24,多云,东风
2016-09-21,31,1级,24,多云,北风
2016-09-22,32,1级,24,晴,西南风
2016-09-23,32,1级,25,晴,南风
2016-09-24,32,1级,25,多云,东南风
2016-09-25,33,1级,26,多云,西北风
2016-09-26,34,1级,26,多云,东北风
2016-09-27,35,1级,27,多云,南风
2016-09-28,34,2级,28,多云,南风
2016-09-29,28,1级,21,阵雨,东风
2016-09-30,26,1级,20,阵雨,北风
2016-10-01,28,1级,20,阵雨,东风
2016-10-02,31,1级,23,多云,西风
2016-10-03,33,微风,24,多云,南风
2016-10-04,32,1级,24,多云,东风
2016-10-05,33,1级,23,多云,北风
2016-10-06,32,1级,25,多云,东北风
2016-10-07,31,1级,25,多云,北风
2016-10-08,31,2级,24,雷阵雨,东北风
2016-10-09,30,2级,22,多云,东北风
2016-10-10,30,2级,22,多云,北风
2016-10-11,28,2级,21,小雨,北风
2016-10-12,25,2级,20,小到中雨,东北风
2016-10-13,28,1级,22,多云,东北风
2016-10-14,30,1级,20,多云,东北风
2016-10-15,31,1级,21,多云,东北风
2016-10-16,32,2级,24,晴,北风
2016-10-17,32,2级,23,多云,北风
2016-10-18,26,1级,23,大雨,东北风
2016-10-19,27,1级,23,阵雨,东南风
2016-10-20,31,2级,24,多云,北风
2016-10-21,27,2级,24,暴雨,西风
2016-10-22,30,1级,24,多云,东南风
2016-10-23,31,1级,24,多云,东风
2016-10-24,30,2级,24,多云,东南风
2016-10-25,31,2级,24,多云,东南风
2016-10-26,32,1级,25,晴,东北风
2016-10-27,33,1级,24,晴,东南风
2016-10-28,33,1级,22,晴,东北风
2016-10-29,29,2级,20,多云,东北风
2016-10-30,28,1级,19,晴,东北风
2016-10-31,27,2级,19,多云,东北风
2016-11-01,26,3级,17,多云,北风
2016-11-02,25,2级,17,多云,东北风
2016-11-03,25,2级,16,多云,东北风
2016-11-04,26,1级,17,晴,东北风
2016-11-05,27,1级,17,晴,北风
2016-11-06,28,1级,19,晴,东北风
2016-11-07,29,1级,19,多云,东北风
2016-11-08,25,2级,15,多云,北风
2016-11-09,19,2级,12,阴,东北风
2016-11-10,16,1级,13,小雨,北风
2016-11-11,16,1级,12,阴,东北风
2016-11-12,22,1级,16,阴,西南风
2016-11-13,28,1级,21,多云,东南风
2016-11-14,29,1级,20,多云,东北风
2016-11-15,29,1级,20,多云,南风
2016-11-16,30,1级,21,多云,南风
2016-11-17,30,1级,21,多云,东北风
2016-11-18,28,1级,22,多云,东北风
2016-11-19,27,微风,22,阵雨,东北风
2016-11-20,26,微风,22,小到中雨,南风
2016-11-21,27,1级,22,阵雨,东风
2016-11-22,26,1级,18,中到大雨,东风
2016-11-23,18,3级,10,小雨,东北风
2016-11-24,14,2级,10,阴,北风
2016-11-25,14,1级,11,小雨,南风
2016-11-26,12,2级,10,中到大雨,东北风
2016-11-27,17,1级,10,多云,北风
2016-11-28,20,1级,11,晴,东北风
2016-11-29,20,1级,11,阴,西风
2016-11-30,19,1级,11,多云,东北风
date,maxtemp,power,mintemp,weather,wind
